Date,Weight,Body Fat %,Breakfast,Lunch,Dinner
6/16/2008,219,28.7,2 Eggs 5 Bacon,"cheeseburger, mustard/mayo salad with eggs, ham, olives, cesar",Ihop meat lovers breakfast special
6/17/2008,219.4,28.8,2 Eggs 5 Bacon,chicken ceasar salad,"Tuna with celery, string cheese"
6/18/2008,218.1,28.5,"Omlet (2 eggs, bacon, sausage, green peppers) - Atkins snack drink",chicken ceasar salad,"Chicken breast, italian sausage link, celery, string cheese"
6/19/2008,216.1,,"Omlet (2 eggs, bacon, sausage, green peppers) - Atkins snack drink",chicken ceasar salad,"Fish, Italian Sausage, celery with cream cheese"
6/20/2008,216.5,,Atkins Breakfast bar and drink,chicken ceasar salad,Tuna with celery and boiled eggs
6/21/2008,,,,,
6/22/2008,214,,,,
6/23/2008,214.6,,,,
6/24/2008,214.9,,,,
6/25/2008,214.4,,,,
6/26/2008,213.8,,,,
6/27/2008,212.3,,,,
6/28/2008,212.8,,,,
6/29/2008,212.2,,,,
6/30/2008,212.2,,,,
7/1/2008,212.2,,,,
7/2/2008,211.5,,,,
7/3/2008,211.2,,,,
7/4/2008,211.5,,,,
7/5/2008,212.5,,,,
7/6/2008,212.1,,,,
7/7/2008,209.9,,,,
7/8/2008,209.5,,,,
7/9/2008,210.7,,,,
7/10/2008,209.5,,,,
7/11/2008,208.9,,,,
7/12/2008,208.2,,,,
7/13/2008,208.4,,,,
7/14/2008,207.8,,,,
7/15/2008,207.9,,,,
7/16/2008,207.8,,,,
7/17/2008,207.9,,,,
7/18/2008,206.2,,,,
7/19/2008,205.5,,,,
7/20/2008,204.9,,,,
7/21/2008,205.8,,,,
7/22/2008,205.8,,,,
7/23/2008,205.3,,,,
7/24/2008,204.8,,,,
7/25/2008,,,,,
7/26/2008,,,,,
7/27/2008,,,,,
7/28/2008,,,,,
7/29/2008,204.4,,,,
7/30/2008,203.7,,,,
7/31/2008,203,26.2,,,
8/1/2008,203.2,26.2,,,
8/2/2008,203.3,26.2,,,
8/3/2008,202.7,26.1,,,
8/4/2008,201.9,25.9,,,
8/5/2008,203.5,26.3,,,
8/6/2008,201.4,25.8,,,
8/7/2008,200.4,25.7,,,
8/8/2008,200.1,25.6,,,
8/9/2008,198.9,25.4,,,
8/10/2008,198.8,25.4,,,
8/11/2008,199.6,25.6,,,
8/12/2008,198.9,25.6,,,
8/13/2008,199.7,25.7,,,
8/14/2008,198.1,25.4,,,
8/15/2008,198.6,25.3,,,
8/16/2008,197.8,25.2,,,
8/17/2008,198.7,25.4,,,
8/18/2008,197.7,25.3,,,
8/19/2008,197.2,25.2,,,
8/20/2008,195.9,24.9,,,
8/21/2008,196.8,25,,,
8/22/2008,195.9,24.8,,,
8/23/2008,196.8,25,,,
8/24/2008,197.6,25.2,,,
8/25/2008,197,25.1,,,
8/26/2008,196.1,24.8,,,
8/27/2008,196.7,25,,,
8/28/2008,195.8,25,,,
8/29/2008,195.9,24.9,,,
8/30/2008,197.3,25.2,,,
8/31/2008,195.7,24.9,,,
9/1/2008,195.4,24.9,,,
9/2/2008,194.9,24.7,,,
9/3/2008,194.3,24.6,,,
9/4/2008,194.7,24.5,,,
9/5/2008,193.5,24.5,,,
9/6/2008,195.6,24.8,,,
9/7/2008,196.9,25,,,
9/8/2008,,,,,
9/9/2008,196.9,,,,
9/10/2008,198.5,25.3,,,
9/11/2008,197.2,25.1,,,
9/12/2008,196.1,24.8,,,
9/13/2008,195.6,24.8,,,
9/14/2008,194.9,24.7,,,
9/15/2008,193.7,24.4,,,
9/16/2008,194.2,24.5,,,
9/17/2008,190.9,23.9,,,
9/18/2008,191.2,24,,,
9/19/2008,190.5,23.8,,,
9/20/2008,189.7,23.8,,,
9/21/2008,190.5,23.8,,,
9/22/2008,190.8,23.8,,,
9/23/2008,191.8,24,,,
9/24/2008,,,,,
9/25/2008,,,,,
9/26/2008,,,,,
9/27/2008,195.2,24.7,,,
9/28/2008,194,24.5,,,
9/29/2008,192.1,24.1,,,
9/30/2008,192,24.1,,,
10/1/2008,192,24.2,,,
10/2/2008,192,24,,,
10/3/2008,190.9,23.8,,,
10/4/2008,190.1,23.8,,,
10/5/2008,191.7,24.1,,,
10/6/2008,190.1,23.7,,,
10/7/2008,192.5,24.1,,,
10/8/2008,192.6,24.2,,,
10/9/2008,190.5,23.8,,,
10/10/2008,189.4,23.6,,,
10/11/2008,191,23.9,,,
10/12/2008,192.9,24.3,,,
10/13/2008,190.4,23.7,,,
10/14/2008,189.7,23.7,,,
10/15/2008,191.3,24,,,
10/16/2008,191.6,24,,,
10/17/2008,190,23.9,,,
10/18/2008,189.4,23.6,,,
10/19/2008,191.3,24,,,
10/20/2008,191.8,24,,,
10/21/2008,191.2,23.9,,,
10/22/2008,190.2,23.7,,,
10/23/2008,189.1,23.6,,,
10/24/2008,191.2,24,,,
10/25/2008,191.3,23.9,,,
10/26/2008,193.2,24.3,,,
10/27/2008,193.5,24.3,,,
10/28/2008,191.3,24,,,
10/29/2008,190.3,23.7,,,
10/30/2008,189.8,23.5,,,
10/31/2008,189.7,23.6,,,
11/1/2008,193,24.3,,,
11/2/2008,192.2,24,,,
11/3/2008,,,,,
11/4/2008,,,,,
11/5/2008,,,,,
11/6/2008,,,,,
11/7/2008,,,,,
11/8/2008,,,,,
11/9/2008,,,,,
11/10/2008,,,,,
11/11/2008,,,,,
11/12/2008,,,,,
11/13/2008,,,,,
11/14/2008,,,,,
11/15/2008,,,,,
11/16/2008,,,,,
11/17/2008,,,,,
11/18/2008,,,,,
11/19/2008,,,,,
11/20/2008,,,,,
11/21/2008,,,,,
11/22/2008,,,,,
11/23/2008,,,,,
11/24/2008,,,,,
11/25/2008,,,,,
11/26/2008,,,,,
11/27/2008,,,,,
11/28/2008,,,,,
11/29/2008,,,,,
11/30/2008,,,,,
12/1/2008,,,,,
12/2/2008,,,,,
12/3/2008,,,,,
12/4/2008,,,,,
12/5/2008,,,,,
12/6/2008,,,,,
12/7/2008,,,,,
12/8/2008,,,,,
12/9/2008,,,,,
12/10/2008,,,,,
12/11/2008,,,,,
12/12/2008,,,,,
12/13/2008,,,,,
12/14/2008,,,,,
12/15/2008,,,,,
12/16/2008,,,,,
12/17/2008,,,,,
12/18/2008,,,,,
12/19/2008,,,,,
12/20/2008,,,,,
12/21/2008,,,,,
12/22/2008,,,,,
12/23/2008,,,,,
12/24/2008,,,,,
12/25/2008,,,,,
12/26/2008,,,,,
12/27/2008,,,,,
12/28/2008,,,,,
12/29/2008,,,,,
12/30/2008,,,,,
12/31/2008,,,,,
1/1/2009,,,,,
1/2/2009,,,,,
1/3/2009,,,,,
1/4/2009,,,,,
1/5/2009,,,,,
1/6/2009,,,,,
1/7/2009,,,,,
1/8/2009,,,,,
1/9/2009,,,,,
1/10/2009,,,,,
1/11/2009,,,,,
1/12/2009,,,,,
1/13/2009,,,,,
1/14/2009,,,,,
1/15/2009,,,,,
1/16/2009,,,,,
1/17/2009,,,,,
1/18/2009,,,,,
1/19/2009,,,,,
1/20/2009,,,,,
1/21/2009,,,,,
1/22/2009,,,,,
1/23/2009,,,,,
1/24/2009,,,,,
1/25/2009,,,,,
1/26/2009,,,,,
1/27/2009,,,,,
1/28/2009,,,,,
1/29/2009,,,,,
1/30/2009,,,,,
1/31/2009,,,,,
2/1/2009,,,,,
2/2/2009,,,,,
2/3/2009,,,,,
2/4/2009,,,,,
2/5/2009,,,,,
2/6/2009,,,,,
2/7/2009,,,,,
2/8/2009,,,,,
2/9/2009,,,,,
2/10/2009,,,,,
2/11/2009,,,,,
2/12/2009,,,,,
2/13/2009,,,,,
2/14/2009,,,,,
2/15/2009,,,,,
2/16/2009,,,,,
2/17/2009,,,,,
2/18/2009,,,,,
2/19/2009,,,,,
2/20/2009,,,,,
2/21/2009,,,,,
2/22/2009,,,,,
2/23/2009,,,,,
2/24/2009,,,,,
2/25/2009,,,,,
2/26/2009,,,,,
2/27/2009,,,,,
2/28/2009,,,,,
3/1/2009,,,,,
3/2/2009,,,,,
3/3/2009,,,,,
3/4/2009,,,,,
3/5/2009,,,,,
3/6/2009,,,,,
3/7/2009,,,,,
3/8/2009,,,,,
3/9/2009,,,,,
3/10/2009,,,,,
3/11/2009,,,,,
3/12/2009,,,,,
3/13/2009,,,,,
3/14/2009,,,,,
3/15/2009,,,,,
3/16/2009,,,,,
3/17/2009,,,,,
3/18/2009,,,,,
3/19/2009,,,,,
3/20/2009,,,,,
3/21/2009,,,,,
3/22/2009,,,,,
3/23/2009,,,,,
3/24/2009,,,,,
3/25/2009,,,,,
3/26/2009,,,,,
3/27/2009,,,,,
3/28/2009,,,,,
3/29/2009,,,,,
3/30/2009,,,,,
3/31/2009,,,,,
4/1/2009,,,,,
4/2/2009,,,,,
4/3/2009,,,,,
4/4/2009,,,,,
4/5/2009,,,,,
4/6/2009,,,,,
4/7/2009,,,,,
4/8/2009,,,,,
4/9/2009,,,,,
4/10/2009,,,,,
4/11/2009,,,,,
4/12/2009,,,,,
4/13/2009,,,,,
4/14/2009,,,,,
4/15/2009,,,,,
4/16/2009,,,,,
4/17/2009,,,,,
4/18/2009,,,,,
4/19/2009,,,,,
4/20/2009,,,,,
4/21/2009,,,,,
4/22/2009,,,,,
4/23/2009,,,,,
4/24/2009,,,,,
4/25/2009,,,,,
4/26/2009,,,,,
4/27/2009,,,,,
4/28/2009,,,,,
4/29/2009,,,,,
4/30/2009,,,,,
5/1/2009,,,,,
5/2/2009,,,,,
5/3/2009,,,,,
5/4/2009,,,,,
5/5/2009,,,,,
5/6/2009,,,,,
5/7/2009,,,,,
5/8/2009,,,,,
5/9/2009,,,,,
5/10/2009,,,,,
5/11/2009,,,,,
5/12/2009,,,,,
5/13/2009,,,,,
5/14/2009,,,,,
5/15/2009,,,,,
5/16/2009,,,,,
5/17/2009,,,,,
5/18/2009,,,,,
5/19/2009,,,,,
5/20/2009,,,,,
5/21/2009,,,,,
5/22/2009,,,,,
5/23/2009,,,,,
5/24/2009,,,,,
5/25/2009,,,,,
5/26/2009,,,,,
5/27/2009,,,,,
5/28/2009,,,,,
5/29/2009,,,,,
5/30/2009,,,,,
5/31/2009,,,,,
6/1/2009,,,,,
6/2/2009,,,,,
6/3/2009,,,,,
6/4/2009,,,,,
6/5/2009,,,,,
6/6/2009,,,,,
6/7/2009,,,,,
6/8/2009,,,,,
6/9/2009,,,,,
6/10/2009,,,,,
6/11/2009,,,,,
6/12/2009,,,,,
6/13/2009,,,,,
6/14/2009,,,,,
6/15/2009,,,,,
6/16/2009,,,,,
6/17/2009,,,,,
6/18/2009,,,,,
6/19/2009,,,,,
6/20/2009,,,,,
6/21/2009,,,,,
6/22/2009,,,,,
6/23/2009,,,,,
6/24/2009,,,,,
6/25/2009,,,,,
6/26/2009,,,,,
6/27/2009,,,,,
6/28/2009,,,,,
6/29/2009,,,,,
6/30/2009,,,,,
7/1/2009,,,,,
7/2/2009,,,,,
7/3/2009,,,,,
7/4/2009,,,,,
7/5/2009,,,,,
7/6/2009,,,,,
7/7/2009,,,,,
7/8/2009,,,,,
7/9/2009,,,,,
7/10/2009,,,,,
7/11/2009,,,,,
7/12/2009,,,,,
7/13/2009,,,,,
7/14/2009,,,,,
7/15/2009,,,,,
7/16/2009,,,,,
7/17/2009,,,,,
7/18/2009,,,,,
7/19/2009,,,,,
7/20/2009,,,,,
7/21/2009,,,,,
7/22/2009,,,,,
7/23/2009,,,,,
7/24/2009,,,,,
7/25/2009,,,,,
7/26/2009,,,,,
7/27/2009,,,,,
7/28/2009,,,,,
7/29/2009,,,,,
7/30/2009,,,,,
7/31/2009,,,,,
8/1/2009,,,,,
8/2/2009,,,,,
8/3/2009,,,,,
8/4/2009,,,,,
8/5/2009,,,,,
8/6/2009,,,,,
8/7/2009,,,,,
8/8/2009,,,,,
8/9/2009,,,,,
8/10/2009,,,,,
8/11/2009,,,,,
8/12/2009,,,,,
8/13/2009,,,,,
8/14/2009,,,,,
8/15/2009,,,,,
8/16/2009,,,,,
8/17/2009,,,,,
8/18/2009,,,,,
8/19/2009,,,,,
8/20/2009,,,,,
8/21/2009,,,,,
8/22/2009,,,,,
8/23/2009,,,,,
8/24/2009,,,,,
8/25/2009,,,,,
8/26/2009,,,,,
8/27/2009,,,,,
8/28/2009,,,,,
8/29/2009,,,,,
8/30/2009,,,,,
8/31/2009,,,,,
9/1/2009,,,,,
9/2/2009,,,,,
9/3/2009,,,,,
9/4/2009,,,,,
9/5/2009,,,,,
9/6/2009,,,,,
9/7/2009,,,,,
9/8/2009,,,,,
9/9/2009,195,This is a very important day,,,
9/10/2009,,,,,
9/11/2009,,,,,
9/12/2009,,,,,
9/13/2009,,,,,
9/14/2009,,,,,
9/15/2009,,,,,
9/16/2009,,,,,
9/17/2009,,,,,
9/18/2009,,,,,
9/19/2009,,,,,
9/20/2009,,,,,
9/21/2009,,,,,
9/22/2009,,,,,
9/23/2009,,,,,
9/24/2009,,,,,
9/25/2009,,,,,
9/26/2009,,,,,
9/27/2009,,,,,
9/28/2009,,,,,
9/29/2009,,,,,
9/30/2009,,,,,
10/1/2009,,,,,
10/2/2009,,,,,
10/3/2009,,,,,
10/4/2009,,,,,
10/5/2009,,,,,
10/6/2009,,,,,
10/7/2009,,,,,
10/8/2009,,,,,
10/9/2009,,,,,
10/10/2009,,,,,
10/11/2009,,,,,
10/12/2009,,,,,
10/13/2009,,,,,
10/14/2009,,,,,
10/15/2009,,,,,
10/16/2009,,,,,
10/17/2009,,,,,
10/18/2009,,,,,
10/19/2009,,,,,
10/20/2009,,,,,
10/21/2009,,,,,
10/22/2009,,,,,
10/23/2009,,,,,
10/24/2009,,,,,
10/25/2009,,,,,
10/26/2009,,,,,
10/27/2009,,,,,
10/28/2009,,,,,
10/29/2009,,,,,
10/30/2009,,,,,
10/31/2009,,,,,
11/1/2009,,,,,
11/2/2009,,,,,
11/3/2009,,,,,
11/4/2009,,,,,
11/5/2009,,,,,
11/6/2009,,,,,
11/7/2009,,,,,
11/8/2009,,,,,
11/9/2009,,,,,
11/10/2009,,,,,
11/11/2009,,,,,
11/12/2009,,,,,
11/13/2009,,,,,
11/14/2009,,,,,
11/15/2009,,,,,
11/16/2009,,,,,
11/17/2009,,,,,
11/18/2009,,,,,
11/19/2009,,,,,
11/20/2009,,,,,
11/21/2009,,,,,
11/22/2009,,,,,
11/23/2009,,,,,
11/24/2009,,,,,
11/25/2009,,,,,
11/26/2009,,,,,
11/27/2009,,,,,
11/28/2009,,,,,
11/29/2009,,,,,
11/30/2009,,,,,
12/1/2009,,,,,
12/2/2009,,,,,
12/3/2009,,,,,
12/4/2009,,,,,
12/5/2009,,,,,
12/6/2009,,,,,
12/7/2009,,,,,
12/8/2009,,,,,
12/9/2009,,,,,
12/10/2009,,,,,
12/11/2009,,,,,
12/12/2009,,,,,
12/13/2009,,,,,
12/14/2009,,,,,
12/15/2009,,,,,
12/16/2009,,,,,
12/17/2009,,,,,
12/18/2009,,,,,
12/19/2009,,,,,
12/20/2009,,,,,
12/21/2009,,,,,
12/22/2009,,,,,
12/23/2009,,,,,
12/24/2009,,,,,
12/25/2009,,,,,
12/26/2009,,,,,
12/27/2009,,,,,
12/28/2009,,,,,
12/29/2009,,,,,
12/30/2009,,,,,
12/31/2009,,,,,
1/1/2010,,,,,
1/2/2010,,,,,
1/3/2010,,,,,
1/4/2010,,,,,
1/5/2010,,,,,
1/6/2010,,,,,
1/7/2010,,,,,
1/8/2010,,,,,
1/9/2010,,,,,
1/10/2010,,,,,
1/11/2010,,,,,
1/12/2010,,,,,
1/13/2010,,,,,
1/14/2010,,,,,
1/15/2010,,,,,
1/16/2010,,,,,
1/17/2010,,,,,
1/18/2010,,,,,
1/19/2010,,,,,
1/20/2010,,,,,
1/21/2010,,,,,
1/22/2010,,,,,
1/23/2010,,,,,
1/24/2010,,,,,
1/25/2010,,,,,
1/26/2010,,,,,
1/27/2010,,,,,
1/28/2010,,,,,
1/29/2010,,,,,
1/30/2010,,,,,
1/31/2010,,,,,
2/1/2010,,,,,
2/2/2010,,,,,
2/3/2010,,,,,
2/4/2010,,,,,
2/5/2010,,,,,
2/6/2010,,,,,
2/7/2010,,,,,
2/8/2010,,,,,
2/9/2010,,,,,
2/10/2010,,,,,
2/11/2010,,,,,
2/12/2010,,,,,
2/13/2010,,,,,
2/14/2010,,,,,
2/15/2010,,,,,
2/16/2010,,,,,
2/17/2010,,,,,
2/18/2010,,,,,
2/19/2010,,,,,
2/20/2010,,,,,
2/21/2010,,,,,
2/22/2010,,,,,
2/23/2010,,,,,
2/24/2010,,,,,
2/25/2010,,,,,
2/26/2010,,,,,
2/27/2010,,,,,
2/28/2010,,,,,
3/1/2010,,,,,
3/2/2010,,,,,
3/3/2010,,,,,
3/4/2010,,,,,
3/5/2010,,,,,
3/6/2010,,,,,
3/7/2010,,,,,
3/8/2010,,,,,
3/9/2010,,,,,
3/10/2010,,,,,
3/11/2010,,,,,
3/12/2010,,,,,
3/13/2010,,,,,
3/14/2010,,,,,
3/15/2010,,,,,
3/16/2010,,,,,
3/17/2010,,,,,
3/18/2010,,,,,
3/19/2010,,,,,
3/20/2010,,,,,
3/21/2010,,,,,
3/22/2010,,,,,
3/23/2010,,,,,
3/24/2010,,,,,
3/25/2010,,,,,
3/26/2010,,,,,
3/27/2010,,,,,
3/28/2010,,,,,
3/29/2010,,,,,
3/30/2010,,,,,
3/31/2010,,,,,
4/1/2010,,,,,
4/2/2010,,,,,
4/3/2010,,,,,
4/4/2010,,,,,
4/5/2010,,,,,
4/6/2010,,,,,
4/7/2010,,,,,
4/8/2010,,,,,
4/9/2010,,,,,
4/10/2010,,,,,
4/11/2010,,,,,
4/12/2010,,,,,
4/13/2010,,,,,
4/14/2010,,,,,
4/15/2010,,,,,
4/16/2010,,,,,
4/17/2010,,,,,
4/18/2010,,,,,
4/19/2010,,,,,
4/20/2010,,,,,
4/21/2010,,,,,
4/22/2010,,,,,
4/23/2010,,,,,
4/24/2010,,,,,
4/25/2010,,,,,
4/26/2010,,,,,
4/27/2010,,,,,
4/28/2010,,,,,
4/29/2010,,,,,
4/30/2010,,,,,
5/1/2010,,,,,
5/2/2010,,,,,
5/3/2010,,,,,
5/4/2010,,,,,
5/5/2010,,,,,
5/6/2010,,,,,
5/7/2010,,,,,
5/8/2010,,,,,
5/9/2010,,,,,
5/10/2010,,,,,
5/11/2010,,,,,
5/12/2010,,,,,
5/13/2010,,,,,
5/14/2010,,,,,
5/15/2010,,,,,
5/16/2010,,,,,
5/17/2010,,,,,
5/18/2010,,,,,
5/19/2010,,,,,
5/20/2010,,,,,
5/21/2010,,,,,
5/22/2010,,,,,
5/23/2010,,,,,
5/24/2010,,,,,
5/25/2010,,,,,
5/26/2010,,,,,
5/27/2010,,,,,
5/28/2010,,,,,
5/29/2010,,,,,
5/30/2010,,,,,
5/31/2010,,,,,
6/1/2010,,,,,
6/2/2010,,,,,
6/3/2010,,,,,
6/4/2010,,,,,
6/5/2010,,,,,
6/6/2010,,,,,
6/7/2010,,,,,
6/8/2010,,,,,
6/9/2010,,,,,
6/10/2010,,,,,
6/11/2010,,,,,
6/12/2010,,,,,
6/13/2010,,,,,
6/14/2010,,,,,
6/15/2010,,,,,
6/16/2010,,,,,
6/17/2010,,,,,
6/18/2010,,,,,
6/19/2010,,,,,
6/20/2010,,,,,
6/21/2010,,,,,
6/22/2010,,,,,
6/23/2010,,,,,
6/24/2010,,,,,
6/25/2010,,,,,
6/26/2010,,,,,
6/27/2010,,,,,
6/28/2010,,,,,
6/29/2010,,,,,
6/30/2010,,,,,
7/1/2010,,,,,
7/2/2010,,,,,
7/3/2010,,,,,
7/4/2010,,,,,
7/5/2010,,,,,
7/6/2010,,,,,
7/7/2010,,,,,
7/8/2010,,,,,
7/9/2010,,,,,
7/10/2010,,,,,
7/11/2010,,,,,
7/12/2010,,,,,
7/13/2010,,,,,
7/14/2010,,,,,
7/15/2010,,,,,
7/16/2010,,,,,
7/17/2010,,,,,
7/18/2010,,,,,
7/19/2010,,,,,
7/20/2010,,,,,
7/21/2010,,,,,
7/22/2010,,,,,
7/23/2010,,,,,
7/24/2010,,,,,
7/25/2010,,,,,
7/26/2010,,,,,
7/27/2010,,,,,
7/28/2010,,,,,
7/29/2010,,,,,
7/30/2010,,,,,
7/31/2010,,,,,
8/1/2010,,,,,
8/2/2010,,,,,
8/3/2010,,,,,
8/4/2010,,,,,
8/5/2010,,,,,
8/6/2010,,,,,
8/7/2010,,,,,
8/8/2010,,,,,
8/9/2010,,,,,
8/10/2010,,,,,
8/11/2010,,,,,
8/12/2010,,,,,
8/13/2010,,,,,
8/14/2010,,,,,
8/15/2010,,,,,
8/16/2010,,,,,
8/17/2010,,,,,
8/18/2010,,,,,
8/19/2010,,,,,
8/20/2010,,,,,
8/21/2010,,,,,
8/22/2010,,,,,
8/23/2010,,,,,
8/24/2010,,,,,
8/25/2010,,,,,
8/26/2010,,,,,
8/27/2010,,,,,
8/28/2010,,,,,
8/29/2010,,,,,
8/30/2010,,,,,
8/31/2010,,,,,
9/1/2010,,,,,
9/2/2010,,,,,
9/3/2010,,,,,
9/4/2010,,,,,
9/5/2010,,,,,
9/6/2010,,,,,
9/7/2010,,,,,
9/8/2010,,,,,
9/9/2010,,,,,
9/10/2010,,,,,
9/11/2010,,,,,
9/12/2010,,,,,
9/13/2010,,,,,
9/14/2010,,,,,
9/15/2010,,,,,
9/16/2010,,,,,
9/17/2010,,,,,
9/18/2010,,,,,
9/19/2010,,,,,
9/20/2010,,,,,
9/21/2010,,,,,
9/22/2010,,,,,
9/23/2010,,,,,
9/24/2010,,,,,
9/25/2010,,,,,
9/26/2010,,,,,
9/27/2010,,,,,
9/28/2010,,,,,
9/29/2010,,,,,
9/30/2010,,,,,
10/1/2010,,,,,
10/2/2010,,,,,
10/3/2010,,,,,
10/4/2010,,,,,
10/5/2010,,,,,
10/6/2010,,,,,
10/7/2010,,,,,
10/8/2010,,,,,
10/9/2010,,,,,
10/10/2010,,,,,
10/11/2010,,,,,
10/12/2010,,,,,
10/13/2010,,,,,
10/14/2010,,,,,
10/15/2010,,,,,
10/16/2010,,,,,
10/17/2010,,,,,
10/18/2010,,,,,
10/19/2010,,,,,
10/20/2010,,,,,
10/21/2010,,,,,
10/22/2010,,,,,
10/23/2010,,,,,
10/24/2010,,,,,
10/25/2010,,,,,
10/26/2010,,,,,
10/27/2010,,,,,
10/28/2010,,,,,
10/29/2010,,,,,
10/30/2010,,,,,
10/31/2010,,,,,
11/1/2010,,,,,
11/2/2010,,,,,
11/3/2010,,,,,
11/4/2010,,,,,
11/5/2010,,,,,
11/6/2010,,,,,
11/7/2010,,,,,
11/8/2010,,,,,
11/9/2010,,,,,
11/10/2010,,,,,
11/11/2010,,,,,
11/12/2010,,,,,
11/13/2010,,,,,
11/14/2010,,,,,
11/15/2010,,,,,
11/16/2010,,,,,
11/17/2010,,,,,
11/18/2010,,,,,
11/19/2010,,,,,
11/20/2010,,,,,
11/21/2010,,,,,
11/22/2010,,,,,
11/23/2010,,,,,
11/24/2010,,,,,
11/25/2010,,,,,
11/26/2010,,,,,
11/27/2010,,,,,
11/28/2010,,,,,
11/29/2010,,,,,
11/30/2010,,,,,
12/1/2010,,,,,
12/2/2010,,,,,
12/3/2010,,,,,
12/4/2010,,,,,
12/5/2010,,,,,
12/6/2010,,,,,
12/7/2010,,,,,
12/8/2010,,,,,
12/9/2010,,,,,
12/10/2010,,,,,
12/11/2010,,,,,
12/12/2010,,,,,
12/13/2010,,,,,
12/14/2010,,,,,
12/15/2010,,,,,
12/16/2010,,,,,
12/17/2010,,,,,
12/18/2010,,,,,
12/19/2010,,,,,
12/20/2010,,,,,
12/21/2010,,,,,
12/22/2010,,,,,
12/23/2010,,,,,
12/24/2010,,,,,
12/25/2010,,,,,
12/26/2010,,,,,
12/27/2010,,,,,
12/28/2010,,,,,
12/29/2010,,,,,
12/30/2010,,,,,
12/31/2010,,,,,
1/1/2011,,,,,
1/2/2011,,,,,
1/3/2011,,,,,
1/4/2011,,,,,
1/5/2011,,,,,
1/6/2011,,,,,
1/7/2011,,,,,
1/8/2011,,,,,
1/9/2011,,,,,
1/10/2011,,,,,
1/11/2011,,,,,
1/12/2011,,,,,
1/13/2011,,,,,
1/14/2011,,,,,
1/15/2011,,,,,
1/16/2011,,,,,
1/17/2011,,,,,
1/18/2011,,,,,
1/19/2011,,,,,
1/20/2011,,,,,
1/21/2011,,,,,
1/22/2011,,,,,
1/23/2011,,,,,
1/24/2011,,,,,
1/25/2011,,,,,
1/26/2011,,,,,
1/27/2011,,,,,
1/28/2011,,,,,
1/29/2011,,,,,
1/30/2011,,,,,
1/31/2011,,,,,
2/1/2011,,,,,
2/2/2011,,,,,
2/3/2011,,,,,
2/4/2011,,,,,
2/5/2011,,,,,
2/6/2011,,,,,
2/7/2011,,,,,
2/8/2011,,,,,
2/9/2011,,,,,
2/10/2011,,,,,
2/11/2011,,,,,
2/12/2011,,,,,
2/13/2011,,,,,
2/14/2011,,,,,
2/15/2011,,,,,
2/16/2011,,,,,
2/17/2011,,,,,
2/18/2011,,,,,
2/19/2011,,,,,
2/20/2011,,,,,
2/21/2011,,,,,
2/22/2011,,,,,
2/23/2011,,,,,
2/24/2011,,,,,
2/25/2011,,,,,
2/26/2011,,,,,
2/27/2011,,,,,
2/28/2011,,,,,
3/1/2011,,,,,
3/2/2011,,,,,
3/3/2011,,,,,
3/4/2011,,,,,
3/5/2011,,,,,
3/6/2011,,,,,
3/7/2011,,,,,
3/8/2011,,,,,
3/9/2011,,,,,
3/10/2011,,,,,
3/11/2011,,,,,
3/12/2011,,,,,
3/13/2011,,,,,
3/14/2011,,,,,
3/15/2011,,,,,
3/16/2011,,,,,
3/17/2011,,,,,
3/18/2011,,,,,
3/19/2011,,,,,
3/20/2011,,,,,
3/21/2011,,,,,
3/22/2011,,,,,
3/23/2011,,,,,
3/24/2011,,,,,
3/25/2011,,,,,
3/26/2011,,,,,
3/27/2011,,,,,
3/28/2011,,,,,
3/29/2011,,,,,
3/30/2011,,,,,
3/31/2011,,,,,
4/1/2011,,,,,
4/2/2011,,,,,
4/3/2011,,,,,
4/4/2011,,,,,
4/5/2011,,,,,
4/6/2011,,,,,
4/7/2011,,,,,
4/8/2011,,,,,
4/9/2011,,,,,
4/10/2011,,,,,
4/11/2011,,,,,
4/12/2011,,,,,
4/13/2011,,,,,
4/14/2011,,,,,
4/15/2011,,,,,
4/16/2011,,,,,
4/17/2011,,,,,
4/18/2011,,,,,
4/19/2011,,,,,
4/20/2011,,,,,
4/21/2011,,,,,
4/22/2011,,,,,
4/23/2011,,,,,
4/24/2011,,,,,
4/25/2011,,,,,
4/26/2011,,,,,
4/27/2011,,,,,
4/28/2011,,,,,
4/29/2011,,,,,
4/30/2011,,,,,
5/1/2011,,,,,
5/2/2011,,,,,
5/3/2011,,,,,
5/4/2011,,,,,
5/5/2011,,,,,
5/6/2011,,,,,
5/7/2011,,,,,
5/8/2011,,,,,
5/9/2011,,,,,
5/10/2011,,,,,
5/11/2011,,,,,
5/12/2011,,,,,
5/13/2011,,,,,
5/14/2011,,,,,
5/15/2011,,,,,
5/16/2011,,,,,
5/17/2011,,,,,
5/18/2011,,,,,
5/19/2011,,,,,
5/20/2011,,,,,
5/21/2011,,,,,
5/22/2011,,,,,
5/23/2011,,,,,
5/24/2011,,,,,
5/25/2011,,,,,
5/26/2011,,,,,
5/27/2011,,,,,
5/28/2011,,,,,
5/29/2011,,,,,
5/30/2011,,,,,
5/31/2011,,,,,
6/1/2011,,,,,
6/2/2011,,,,,
6/3/2011,,,,,
6/4/2011,,,,,
6/5/2011,,,,,
6/6/2011,,,,,
6/7/2011,,,,,
6/8/2011,,,,,
6/9/2011,,,,,
6/10/2011,,,,,
6/11/2011,,,,,
6/12/2011,,,,,
6/13/2011,,,,,
6/14/2011,,,,,
6/15/2011,,,,,
6/16/2011,,,,,
6/17/2011,,,,,
6/18/2011,,,,,
6/19/2011,,,,,
6/20/2011,,,,,
6/21/2011,,,,,
6/22/2011,,,,,
6/23/2011,,,,,
6/24/2011,,,,,
6/25/2011,,,,,
6/26/2011,,,,,
6/27/2011,,,,,
6/28/2011,,,,,
6/29/2011,,,,,
6/30/2011,,,,,
7/1/2011,,,,,
7/2/2011,,,,,
7/3/2011,,,,,
7/4/2011,,,,,
7/5/2011,,,,,
7/6/2011,,,,,
7/7/2011,,,,,
7/8/2011,,,,,
7/9/2011,,,,,
7/10/2011,,,,,
7/11/2011,,,,,
7/12/2011,,,,,
7/13/2011,,,,,
7/14/2011,,,,,
7/15/2011,,,,,
7/16/2011,,,,,
7/17/2011,,,,,
7/18/2011,,,,,
7/19/2011,,,,,
7/20/2011,,,,,
7/21/2011,,,,,
7/22/2011,,,,,
7/23/2011,,,,,
7/24/2011,,,,,
7/25/2011,,,,,
7/26/2011,,,,,
7/27/2011,,,,,
7/28/2011,,,,,
7/29/2011,,,,,
7/30/2011,,,,,
7/31/2011,,,,,
8/1/2011,,,,,
8/2/2011,,,,,
8/3/2011,,,,,
8/4/2011,,,,,
8/5/2011,,,,,
8/6/2011,,,,,
8/7/2011,190.9,,,,
8/8/2011,198.3,,,,
8/9/2011,199,,,,
8/10/2011,198.7,,,,
8/11/2011,198.2,,,,
8/12/2011,197.6,,,,
8/13/2011,198.9,,,,
8/14/2011,196.8,,,,
8/15/2011,197.2,,,,
8/16/2011,197,,,,
8/17/2011,197.4,,,,
8/18/2011,196,,,,
8/19/2011,197.4,,,,
8/20/2011,,Men's retreat,,,
8/21/2011,,Men's retreat,,,
8/22/2011,198.7,,,,
8/23/2011,199.3,,,,
8/24/2011,198.9,,,,
8/25/2011,198.4,,,,
8/26/2011,199.9,,,,
8/27/2011,199.9,,,,
8/28/2011,200.5,,,,
8/29/2011,200.2,,,,
8/30/2011,201.3,,,,
8/31/2011,201.3,,,,
9/1/2011,201.4,,,,
9/2/2011,201.8,,,,
9/3/2011,,,,,
9/4/2011,201.8,,,,
9/5/2011,202.9,,,,
9/6/2011,201.9,,,,
9/7/2011,202.1,,,,
9/8/2011,200.7,,,,
9/9/2011,200.8,,,,
9/10/2011,202.3,,,,
9/11/2011,,,,,
9/12/2011,202.3,,,,
9/13/2011,202.4,,,,
9/14/2011,200.7,,,,
9/15/2011,200.6,,,,
9/16/2011,200.7,,,,
9/17/2011,,,,,
9/18/2011,200.3,,,,
9/19/2011,202,,,,
9/20/2011,200.8,,,,
9/21/2011,201.8,,,,
9/22/2011,201.6,,,,
9/23/2011,201.6,,,,
9/24/2011,201.6,,,,
9/25/2011,,,,,
9/26/2011,201.1,,,,
9/27/2011,201.2,,,,
9/28/2011,,,,,
9/29/2011,201.1,,,,
9/30/2011,203.1,,,,
10/1/2011,200.8,,,,
10/2/2011,202.4,,,,
10/3/2011,203.5,,,,
10/4/2011,203,,,,
10/5/2011,203.3,,,,
10/6/2011,201.9,,,,
10/7/2011,202.6,,,,
10/8/2011,,,,,
10/9/2011,,,,,
10/10/2011,203.3,,,,
10/11/2011,202.1,,,,
10/12/2011,,,,,
10/13/2011,203.2,,,,
10/14/2011,,,,,
10/15/2011,203.1,,,,
10/16/2011,,,,,
10/17/2011,,,,,
10/18/2011,206,,,,
10/19/2011,207.3,,,,
10/20/2011,204.2,,,,
10/21/2011,204,,,,
10/22/2011,204,,,,
10/23/2011,,,,,
10/24/2011,205.3,,,,
10/25/2011,205.4,,,,
10/26/2011,206.8,,,,
10/27/2011,204.2,,,,
10/28/2011,,,,,
10/29/2011,,,,,
10/30/2011,,,,,
10/31/2011,205.2,,,,
11/1/2011,204.7,,,,
11/2/2011,203.3,,,,
11/3/2011,202.5,,,,
11/4/2011,204.2,,,,
11/5/2011,,,,,
11/6/2011,,,,,
11/7/2011,203.5,,,,
11/8/2011,204,,,,
11/9/2011,204.7,,,,
11/10/2011,203.9,,,,
11/11/2011,204.5,,,,
11/12/2011,,,,,
11/13/2011,,,,,
11/14/2011,206.1,,,,
11/15/2011,205.9,,,,
11/16/2011,207.6,,,,
11/17/2011,204.5,,,,
11/18/2011,204.3,,,,
11/19/2011,204.2,,,,
11/20/2011,205.7,,,,
11/21/2011,206.8,,,,
11/22/2011,205.9,,,,
11/23/2011,207.3,,,,
11/24/2011,,,,,
11/25/2011,,,,,
11/26/2011,,,,,
11/27/2011,207.3,,,,
11/28/2011,206.4,,,,
11/29/2011,206.6,,,,
11/30/2011,207.6,,,,
12/1/2011,205.6,,,,
12/2/2011,204.9,,,,
12/3/2011,205.7,,,,
12/4/2011,,,,,
12/5/2011,203.4,,,,
12/6/2011,205.6,,,,
12/7/2011,204.5,,,,
12/8/2011,204,,,,
12/9/2011,204.5,,,,
12/10/2011,,,,,
12/11/2011,,,,,
12/12/2011,205.4,,,,
12/13/2011,204.6,,,,
12/14/2011,205.8,,,,
12/15/2011,204.6,,,,
12/16/2011,206.2,,,,
12/17/2011,206.1,,,,
12/18/2011,,,,,
12/19/2011,207.9,,,,
12/20/2011,207,,,,
12/21/2011,207.7,,,,
12/22/2011,206.2,,,,
12/23/2011,206.9,,,,
12/24/2011,,,,,
12/25/2011,207.3,,,,
12/26/2011,209,,,,
12/27/2011,209.4,,,,
12/28/2011,,,,,
12/29/2011,209.2,,,,
12/30/2011,208.5,,,,
12/31/2011,209.3,,,,
1/1/2012,,,,,
1/2/2012,,,,,
1/3/2012,209.5,,,,
1/4/2012,211.2,,,,
1/5/2012,209.2,,,,
1/6/2012,208.3,,,,
1/7/2012,208,,,,
1/8/2012,208.1,,,,
1/9/2012,206.6,,,,
1/10/2012,207.6,,,,
1/11/2012,207.1,,,,
1/12/2012,207.4,,,,
1/13/2012,206.9,,,,
1/14/2012,204.9,,,,
1/15/2012,205.6,,,,
1/16/2012,204.7,,,,
1/17/2012,205.1,,,,
1/18/2012,205.5,,,,
1/19/2012,204.1,,,,
1/20/2012,203.5,,,,
1/21/2012,203.9,,,,
1/22/2012,204,,,,
1/23/2012,204,,,,
1/24/2012,203.5,,,,
1/25/2012,204.6,,,,
1/26/2012,202.7,,,,
1/27/2012,203.1,,,,
1/28/2012,202.7,,,,
1/29/2012,202.9,,,,
1/30/2012,203.4,,,,
1/31/2012,,,,,
2/1/2012,203.4,,,,
2/2/2012,204.6,,,,
2/3/2012,202.4,,,,
2/4/2012,202.5,,,,
2/5/2012,201.5,,,,
2/6/2012,203.8,,,,
2/7/2012,202.3,,,,
2/8/2012,202.9,,,,
2/9/2012,202.2,,,,
2/10/2012,201.5,,,,
2/11/2012,201.3,,,,
2/12/2012,203.1,,,,
2/13/2012,204.6,,,,
2/14/2012,203.9,,,,
2/15/2012,202.6,,,,
2/16/2012,201.8,,,,
2/17/2012,202.4,,,,
2/18/2012,202.5,,,,
2/19/2012,204,,,,
2/20/2012,202,,,,
2/21/2012,203.3,,,,
2/22/2012,205.2,,,,
2/23/2012,202.7,,,,
2/24/2012,202.8,,,,
2/25/2012,201.3,,,,
2/26/2012,202.6,,,,
2/27/2012,203.5,,,,
2/28/2012,202.1,,,,
2/29/2012,202.8,,,,
3/1/2012,200.7,,,,
3/2/2012,200.5,,,,
3/3/2012,,Hike,,,
3/4/2012,202,,,,
3/5/2012,,,,,
3/6/2012,,,,,
3/7/2012,,,,,
3/8/2012,203.9,,,,
3/9/2012,,,,,
3/10/2012,204.7,,,,
3/11/2012,,,,,
3/12/2012,205.9,,,,
3/13/2012,204.5,,,,
3/14/2012,203.9,,,,
3/15/2012,202.4,,,,
3/16/2012,203.9,,,,
3/17/2012,204.4,,,,
3/18/2012,,,,,
3/19/2012,205.2,,,,
3/20/2012,,,,,
3/21/2012,204,,,,
3/22/2012,202.9,,,,
3/23/2012,203.1,,,,
3/24/2012,,,,,
3/25/2012,,,,,
3/26/2012,,,,,
3/27/2012,204.7,,,,
3/28/2012,205.2,,,,
3/29/2012,203.3,,,,
3/30/2012,203.2,,,,
3/31/2012,,,,,
4/1/2012,,,,,
4/2/2012,,,,,
4/3/2012,204.9,,,,
4/4/2012,206.3,,,,
4/5/2012,205.1,,,,
4/6/2012,,,,,
4/7/2012,,,,,
4/8/2012,,,,,
4/9/2012,206.1,,,,
4/10/2012,206.5,,,,
4/11/2012,207.6,,,,
4/12/2012,206,,,,
4/13/2012,,,,,
4/14/2012,,,,,
4/15/2012,,,,,
4/16/2012,207,,,,
4/17/2012,208.2,,,,
4/18/2012,207.5,,,,
4/19/2012,207.4,,,,
4/20/2012,,,,,
4/21/2012,,,,,
4/22/2012,,,,,
4/23/2012,210.4,,,,
4/24/2012,,,,,
4/25/2012,,,,,
4/26/2012,207.8,,,,
4/27/2012,207,,,,
4/28/2012,,,,,
4/29/2012,,,,,
4/30/2012,207.7,,,,
5/1/2012,207.4,,,,
5/2/2012,206.9,,,,
5/3/2012,207.9,,,,
5/4/2012,207.3,,,,
5/5/2012,,,,,
5/6/2012,,,,,
5/7/2012,210,,,,
5/8/2012,209.3,,,,
5/9/2012,207.3,,,,
5/10/2012,206,,,,
5/11/2012,207.6,,,,
5/12/2012,,,,,
5/13/2012,,,,,
5/14/2012,210.3,,,,
5/15/2012,206.9,,,,
5/16/2012,209,,,,
5/17/2012,207.3,,,,
5/18/2012,,,,,
5/19/2012,,,,,
5/20/2012,206.9,,,,
5/21/2012,209.1,,,,
5/22/2012,207.8,,,,
5/23/2012,209.4,,,,
5/24/2012,207.4,,,,
5/25/2012,206,,,,
5/26/2012,207.1,,,,
5/27/2012,208.2,,,,
5/28/2012,,,,,
5/29/2012,,,,,
5/30/2012,209.6,,,,
5/31/2012,209,,,,
6/1/2012,207.1,,,,
6/2/2012,206.5,,,,
6/3/2012,211.4,,,,
6/4/2012,211.1,,,,
6/5/2012,208.8,,,,
6/6/2012,208.6,,,,
6/7/2012,207.3,,,,
6/8/2012,,,,,
6/9/2012,,,,,
6/10/2012,209.2,,,,
6/11/2012,210.4,,,,
6/12/2012,208.7,,,,
6/13/2012,208.7,,,,
6/14/2012,207.4,,,,
6/15/2012,208.6,,,,
6/16/2012,209.5,,,,
6/17/2012,,,,,
6/18/2012,211.4,,,,
6/19/2012,210.2,,,,
6/20/2012,207,,,,
6/21/2012,207.5,,,,
6/22/2012,208,,,,
6/23/2012,207.8,,,,
6/24/2012,,,,,
6/25/2012,210.1,,,,
6/26/2012,209.2,,,,
6/27/2012,209,,,,
6/28/2012,210,,,,
6/29/2012,208.3,,,,
6/30/2012,,,,,
7/1/2012,,,,,
7/2/2012,210,,,,
7/3/2012,210.2,,,,
7/4/2012,208.2,,,,
7/5/2012,208.9,,,,
7/6/2012,211,,,,
7/7/2012,,,,,
7/8/2012,,,,,
7/9/2012,213.2,,,,
7/10/2012,211.1,,,,
7/11/2012,209.9,,,,
7/12/2012,210.5,,,,
7/13/2012,209.5,,,,
7/14/2012,,,,,
7/15/2012,,,,,
7/16/2012,,,,,
7/17/2012,,,,,
7/18/2012,,,,,
7/19/2012,208.6,,,,
7/20/2012,209.3,,,,
7/21/2012,,,,,
7/22/2012,,,,,
7/23/2012,210.2,,,,
7/24/2012,209.8,,,,
7/25/2012,210.6,,,,
7/26/2012,211.5,,,,
7/27/2012,209.8,,,,
7/28/2012,,,,,
7/29/2012,211.8,,,,
7/30/2012,212.3,,,,
7/31/2012,211.4,,,,
8/1/2012,209.8,,,,
8/2/2012,208.9,,,,
8/3/2012,210,,,,
8/4/2012,,,,,
8/5/2012,,,,,
8/6/2012,211.6,,,,
8/7/2012,211.6,,,,
8/8/2012,211,,,,
8/9/2012,,,,,
8/10/2012,211.2,,,,
8/11/2012,,,,,
8/12/2012,,,,,
8/13/2012,211.6,,,,
8/14/2012,211,,,,
8/15/2012,209.9,,,,
8/16/2012,209.4,,,,
8/17/2012,,,,,
8/18/2012,,,,,
8/19/2012,,,,,
8/20/2012,212,,,,
8/21/2012,212.8,,,,
8/22/2012,213.2,,,,
8/23/2012,211.9,,,,
8/24/2012,211.2,,,,
8/25/2012,,,,,
8/26/2012,211.9,,,,
8/27/2012,211.2,,,,
8/28/2012,211.7,,,,
8/29/2012,210.9,,,,
8/30/2012,211.1,,,,
8/31/2012,,,,,
9/1/2012,,,,,
9/2/2012,212.9,,,,
9/3/2012,,,,,
9/4/2012,,,,,
9/5/2012,,,,,
9/6/2012,,,,,
9/7/2012,214.6,,,,
9/8/2012,,,,,
9/9/2012,,,,,
9/10/2012,213.7,,,,
9/11/2012,214.2,,,,
9/12/2012,213.5,,,,
9/13/2012,212.3,,,,
9/14/2012,210,,,,
9/15/2012,,,,,
9/16/2012,,,,,
9/17/2012,212.3,,,,
9/18/2012,212.7,,,,
9/19/2012,214,,,,
9/20/2012,212.4,,,,
9/21/2012,211.5,,,,
9/22/2012,,,,,
9/23/2012,211.4,,,,
9/24/2012,213,,,,
9/25/2012,213.1,,,,
9/26/2012,212.5,,,,
9/27/2012,213,,,,
9/28/2012,213.5,,,,
9/29/2012,213.7,,,,
9/30/2012,,,,,
10/1/2012,212,,,,
10/2/2012,213.3,,,,
10/3/2012,212,,,,
10/4/2012,211.1,,,,
10/5/2012,211,,,,
10/6/2012,211,,,,
10/7/2012,211.3,,,,
10/8/2012,212,,,,
10/9/2012,210.7,,,,
10/10/2012,210.1,,,,
10/11/2012,208.4,,,,
10/12/2012,208.5,,,,
10/13/2012,208.4,Heart,,,
10/14/2012,,,,,
10/15/2012,210,,,,
10/16/2012,210.9,,,,
10/17/2012,210,,,,
10/18/2012,209.3,,,,
10/19/2012,210.1,,,,
10/20/2012,,,,,
10/21/2012,,,,,
10/22/2012,,,,,
10/23/2012,,,,,
10/24/2012,,,,,
10/25/2012,,,,,
10/26/2012,,,,,
10/27/2012,,,,,
10/28/2012,208.2,,,,
10/29/2012,209.4,,,,
10/30/2012,209.3,,,,
10/31/2012,210.3,,,,
11/1/2012,209.8,,,,
11/2/2012,208,,,,
11/3/2012,209.9,,,,
11/4/2012,,,,,
11/5/2012,,,,,
11/6/2012,,,,,
11/7/2012,,,,,
11/8/2012,209.8,,,,
11/9/2012,210,,,,
11/10/2012,,,,,
11/11/2012,,,,,
11/12/2012,,,,,
11/13/2012,,,,,
11/14/2012,,,,,
11/15/2012,,,,,
11/16/2012,,,,,
11/17/2012,,,,,
11/18/2012,,,,,
11/19/2012,,,,,
11/20/2012,,,,,
11/21/2012,212,,,,
11/22/2012,210,,,,
11/23/2012,,,,,
11/24/2012,213.3,,,,
11/25/2012,213.2,,,,
11/26/2012,211.7,,,,
11/27/2012,,,,,
11/28/2012,,,,,
11/29/2012,,,,,
11/30/2012,,,,,
12/1/2012,,,,,
12/2/2012,,,,,
12/3/2012,,,,,
12/4/2012,,,,,
12/5/2012,,,,,
12/6/2012,,,,,
12/7/2012,,,,,
12/8/2012,,,,,
12/9/2012,210.3,,,,
12/10/2012,,,,,
12/11/2012,212.8,,,,
12/12/2012,212.2,,,,
12/13/2012,212.4,,,,
12/14/2012,,,,,
12/15/2012,,,,,
12/16/2012,,,,,
12/17/2012,213.8,,,,
12/18/2012,213.9,,,,
12/19/2012,212.9,,,,
12/20/2012,212.4,,,,
12/21/2012,,,,,
12/22/2012,213.4,,,,
12/23/2012,,,,,
12/24/2012,,,,,
12/25/2012,213.3,,,,
12/26/2012,,,,,
12/27/2012,213.7,,,,
12/28/2012,213,,,,
12/29/2012,,,,,
12/30/2012,,,,,
12/31/2012,213.7,,,,
1/1/2013,,,,,
1/2/2013,214.4,,,,
1/3/2013,214.7,,,,
1/4/2013,213.5,,,,
1/5/2013,213.6,,,,
1/6/2013,,,,,
1/7/2013,214.4,,,,
1/8/2013,214.4,,,,
1/9/2013,215.1,,,,
1/10/2013,213,,,,
1/11/2013,212.4,,,,
1/12/2013,214.7,,,,
1/13/2013,,,,,
1/14/2013,,,,,
1/15/2013,,,,,
1/16/2013,214.9,,,,
1/17/2013,214.2,,,,
1/18/2013,214.5,,,,
1/19/2013,,,,,
1/20/2013,,,,,
1/21/2013,215.2,,,,
1/22/2013,215.7,,,,
1/23/2013,214.5,,,,
1/24/2013,213.6,,,,
1/25/2013,213.5,,,,
1/26/2013,,,,,
1/27/2013,,,,,
1/28/2013,214.2,,,,
1/29/2013,214,,,,
1/30/2013,214.6,,,,
1/31/2013,214.5,,,,
2/1/2013,214.4,,,,
2/2/2013,214.4,,,,
2/3/2013,,,,,
2/4/2013,215.9,,,,
2/5/2013,216.3,,,,
2/6/2013,215.6,,,,
2/7/2013,215.4,,,,
2/8/2013,214.8,,,,
2/9/2013,215.2,,,,
2/10/2013,,,,,
2/11/2013,216,,,,
2/12/2013,216.7,,,,
2/13/2013,216.5,,,,
2/14/2013,214.1,,,,
2/15/2013,213.3,,,,
2/16/2013,214.7,,,,
2/17/2013,216.6,,,,
2/18/2013,216,,,,
2/19/2013,216.6,,,,
2/20/2013,214.1,,,,
2/21/2013,211.7,,,,
2/22/2013,212,,,,
2/23/2013,,,,,
2/24/2013,,,,,
2/25/2013,215,,,,
2/26/2013,214.5,,,,
2/27/2013,214.1,,,,
2/28/2013,213.3,,,,
3/1/2013,213.7,,,,
3/2/2013,215.4,,,,
3/3/2013,,,,,
3/4/2013,216.9,,,,
3/5/2013,215.6,,,,
3/6/2013,216.5,,,,
3/7/2013,214.8,,,,
3/8/2013,214.2,,,,
3/9/2013,,,,,
3/10/2013,215.3,,,,
3/11/2013,217.7,,,,
3/12/2013,215.1,,,,
3/13/2013,215.3,,,,
3/14/2013,213.8,,,,
3/15/2013,213.8,,,,
3/16/2013,,,,,
3/17/2013,,,,,
3/18/2013,215.3,,,,
3/19/2013,214.9,,,,
3/20/2013,215.7,,,,
3/21/2013,215.6,,,,
3/22/2013,213.7,,,,
3/23/2013,215.8,,,,
3/24/2013,,,,,
3/25/2013,216.2,,,,
3/26/2013,215.8,,,,
3/27/2013,217.2,,,,
3/28/2013,215.7,,,,
3/29/2013,215.2,,,,
3/30/2013,,,,,
3/31/2013,,,,,
4/1/2013,216.2,,,,
4/2/2013,217.2,,,,
4/3/2013,215.6,,,,
4/4/2013,216.5,,,,
4/5/2013,215.9,,,,
4/6/2013,215.5,,,,
4/7/2013,216.9,,,,
4/8/2013,216.4,,,,
4/9/2013,216.7,,,,
4/10/2013,216.7,,,,
4/11/2013,213.9,,,,
4/12/2013,213.9,,,,
4/13/2013,214.2,,,,
4/14/2013,,,,,
4/15/2013,211.9,,,,
4/16/2013,214.1,,,,
4/17/2013,213.3,,,,
4/18/2013,211.6,,,,
4/19/2013,211.7,,,,
4/20/2013,213.9,,,,
4/21/2013,212.8,,,,
4/22/2013,213.7,,,,
4/23/2013,213.9,,,,
4/24/2013,213.4,,,,
4/25/2013,212.4,,,,
4/26/2013,212.4,,,,
4/27/2013,214.4,,,,
4/28/2013,,,,,
4/29/2013,213.1,,,,
4/30/2013,212.5,,,,
5/1/2013,213.7,,,,
5/2/2013,212.2,,,,
5/3/2013,211.5,,,,
5/4/2013,,,,,
5/5/2013,,,,,
5/6/2013,214.7,,,,
5/7/2013,212.6,,,,
5/8/2013,,,,,
5/9/2013,213.7,,,,
5/10/2013,,,,,
5/11/2013,,,,,
5/12/2013,212.1,,,,
5/13/2013,211.8,,,,
5/14/2013,213,,,,
5/15/2013,213,,,,
5/16/2013,213.4,,,,
5/17/2013,212.4,,,,
5/18/2013,213,,,,
5/19/2013,,,,,
5/20/2013,213.4,,,,
5/21/2013,214.3,,,,
5/22/2013,213.8,,,,
5/23/2013,213.5,,,,
5/24/2013,,,,,
5/25/2013,,,,,
5/26/2013,,,,,
5/27/2013,,,,,
5/28/2013,215,,,,
5/29/2013,215.4,,,,
5/30/2013,215.9,,,,
5/31/2013,215.2,,,,
6/1/2013,,,,,
6/2/2013,,,,,
6/3/2013,214.6,,,,
6/4/2013,214.1,,,,
6/5/2013,214.6,,,,
6/6/2013,214.3,,,,
6/7/2013,,,,,
6/8/2013,215.5,,,,
6/9/2013,,,,,
6/10/2013,214.6,,,,
6/11/2013,215.7,,,,
6/12/2013,215.2,,,,
6/13/2013,215.4,,,,
6/14/2013,215.7,,,,
6/15/2013,215.2,,,,
6/16/2013,,,,,
6/17/2013,217.3,,,,
6/18/2013,215.4,,,,
6/19/2013,217,,,,
6/20/2013,217.1,,,,
6/21/2013,,,,,
6/22/2013,,,,,
6/23/2013,,,,,
6/24/2013,,,,,
6/25/2013,,,,,
6/26/2013,,,,,
6/27/2013,,,,,
6/28/2013,,,,,
6/29/2013,213.9,San Antonio from 6/21 - 6/28,,,
6/30/2013,,,,,
7/1/2013,,,,,
7/2/2013,215.6,,,,
7/3/2013,215.6,,,,
7/4/2013,,,,,
7/5/2013,,,,,
7/6/2013,,,,,
7/7/2013,,,,,
7/8/2013,216.9,,,,
7/9/2013,217.3,,,,
7/10/2013,216.8,,,,
7/11/2013,216.9,,,,
7/12/2013,216.3,,,,
7/13/2013,,,,,
7/14/2013,,,,,
7/15/2013,217.3,,,,
7/16/2013,,,,,
7/17/2013,,,,,
7/18/2013,,,,,
7/19/2013,,,,,
7/20/2013,,,,,
7/21/2013,,,,,
7/22/2013,,,,,
7/23/2013,214.6,,,,
7/24/2013,214.7,,,,
7/25/2013,214.7,,,,
7/26/2013,213.9,,,,
7/27/2013,,,,,
7/28/2013,215,,,,
7/29/2013,213.5,,,,
7/30/2013,214.1,,,,
7/31/2013,214,,,,
8/1/2013,214.2,,,,
8/2/2013,214,,,,
8/3/2013,,,,,
8/4/2013,,,,,
8/5/2013,215,,,,
8/6/2013,214.8,,,,
8/7/2013,,,,,
8/8/2013,,,,,
8/9/2013,214.9,,,,
8/10/2013,,,,,
8/11/2013,,,,,
8/12/2013,215.6,,,,
8/13/2013,216,,,,
8/14/2013,,,,,
8/15/2013,217.1,,,,
8/16/2013,215.6,,,,
8/17/2013,,,,,
8/18/2013,216.8,,,,
8/19/2013,215.8,,,,
8/20/2013,215.7,,,,
8/21/2013,215.4,,,,
8/22/2013,215.4,,,,
8/23/2013,215.5,,,,
8/24/2013,,,,,
8/25/2013,,,,,
8/26/2013,,,,,
8/27/2013,215.2,,,,
8/28/2013,214.9,,,,
8/29/2013,,,,,
8/30/2013,,,,,
8/31/2013,,,,,
9/1/2013,,,,,
9/2/2013,216,,,,
9/3/2013,,,,,
9/4/2013,215,,,,
9/5/2013,214.6,,,,
9/6/2013,213.6,,,,
9/7/2013,,,,,
9/8/2013,,,,,
9/9/2013,214.7,,,,
9/10/2013,,,,,
9/11/2013,214.7,,,,
9/12/2013,213.7,,,,
9/13/2013,213.8,,,,
9/14/2013,,,,,
9/15/2013,216.6,,,,
9/16/2013,214.4,,,,
9/17/2013,214.9,,,,
9/18/2013,213.3,,,,
9/19/2013,212.8,,,,
9/20/2013,212.9,,,,
9/21/2013,214,,,,
9/22/2013,215.2,,,,
9/23/2013,214,,,,
9/24/2013,213.6,,,,
9/25/2013,213,,,,
9/26/2013,211.9,,,,
9/27/2013,213.6,,,,
9/28/2013,,,,,
9/29/2013,,,,,
9/30/2013,213.4,,,,
10/1/2013,,,,,
10/2/2013,212.9,,,,
10/3/2013,212.5,,,,
10/4/2013,212.8,,,,
10/5/2013,,,,,
10/6/2013,,,,,
10/7/2013,214.7,,,,
10/8/2013,214.6,,,,
10/9/2013,214.6,,,,
10/10/2013,213.9,,,,
10/11/2013,214.6,,,,
10/12/2013,,,,,
10/13/2013,,,,,
10/14/2013,215.2,,,,
10/15/2013,217.1,,,,
10/16/2013,216.9,,,,
10/17/2013,215,,,,
10/18/2013,,,,,
10/19/2013,214.7,,,,
10/20/2013,,,,,
10/21/2013,,,,,
10/22/2013,,,,,
10/23/2013,214.6,,,,
10/24/2013,212.7,,,,
10/25/2013,214.1,,,,
10/26/2013,,,,,
10/27/2013,,,,,
10/28/2013,208.7,,,,
10/29/2013,213,,,,
10/30/2013,213.3,,,,
10/31/2013,213.3,,,,
11/1/2013,212.7,,,,
11/2/2013,,,,,
11/3/2013,,,,,
11/4/2013,214.8,,,,
11/5/2013,214.5,,,,
11/6/2013,,,,,
11/7/2013,214,,,,
11/8/2013,213.9,,,,
11/9/2013,,,,,
11/10/2013,,,,,
11/11/2013,214.1,,,,
11/12/2013,214.7,,,,
11/13/2013,214.4,,,,
11/14/2013,214.3,,,,
11/15/2013,213.7,,,,
11/16/2013,,,,,
11/17/2013,,,,,
11/18/2013,214.4,,,,
11/19/2013,214.5,,,,
11/20/2013,214.9,,,,
11/21/2013,213,,,,
11/22/2013,212.6,,,,
11/23/2013,,,,,
11/24/2013,,,,,
11/25/2013,,,,,
11/26/2013,,,,,
11/27/2013,215.8,,,,
11/28/2013,216.3,,,,
11/29/2013,,,,,
11/30/2013,,,,,
12/1/2013,,,,,
12/2/2013,216.3,,,,
12/3/2013,215.4,,,,
12/4/2013,216,,,,
12/5/2013,,,,,
12/6/2013,,,,,
12/7/2013,,,,,
12/8/2013,,,,,
12/9/2013,,,,,
12/10/2013,,,,,
12/11/2013,,,,,
12/12/2013,,,,,
12/13/2013,214.2,,,,
12/14/2013,,,,,
12/15/2013,,,,,
12/16/2013,214.3,,,,
12/17/2013,214.5,,,,
12/18/2013,,,,,
12/19/2013,213.3,,,,
12/20/2013,215.1,,,,
12/21/2013,,,,,
12/22/2013,,,,,
12/23/2013,217.5,,,,
12/24/2013,217.6,,,,
12/25/2013,,,,,
12/26/2013,216.7,,,,
12/27/2013,215.8,,,,
12/28/2013,215.4,,,,
12/29/2013,,,,,
12/30/2013,,,,,
12/31/2013,,,,,
1/1/2014,,,,,
1/2/2014,216.2,,,,
1/3/2014,215.3,,,,
1/4/2014,,,,,
1/5/2014,213.9,,,,
1/6/2014,214,,,,
1/7/2014,213.7,,,,
1/8/2014,213.2,,,,
1/9/2014,212.7,,,,
1/10/2014,213.1,,,,
1/11/2014,212.7,,,,
1/12/2014,,,,,
1/13/2014,,,,,
1/14/2014,213.6,,,,
1/15/2014,213.3,,,,
1/16/2014,212,,,,
1/17/2014,212,,,,
1/18/2014,212.1,,,,
1/19/2014,213.2,,,,
1/20/2014,,,,,
1/21/2014,213.5,,,,
1/22/2014,213.4,,,,
1/23/2014,212.4,,,,
1/24/2014,,,,,
1/25/2014,,,,,
1/26/2014,,,,,
1/27/2014,,,,,
1/28/2014,,,,,
1/29/2014,,,,,
1/30/2014,,,,,
1/31/2014,,,,,
2/1/2014,,,,,
2/2/2014,,,,,
2/3/2014,,,,,
2/4/2014,,,,,
2/5/2014,,,,,
2/6/2014,,,,,
2/7/2014,212.8,,,,
2/8/2014,210.3,,,,
2/9/2014,211.6,,,,
2/10/2014,211.3,,,,
2/11/2014,211.5,,,,
2/12/2014,212.1,,,,
2/13/2014,210.1,,,,
2/14/2014,210.5,,,,
2/15/2014,210.3,,,,
2/16/2014,211.4,,,,
2/17/2014,,,,,
2/18/2014,211.7,,,,
2/19/2014,211.6,,,,
2/20/2014,210.2,,,,
2/21/2014,211.2,,,,
2/22/2014,212.1,,,,
2/23/2014,213.2,,,,
2/24/2014,212.9,,,,
2/25/2014,212.6,,,,
2/26/2014,213.3,,,,
2/27/2014,210.3,,,,
2/28/2014,210,,,,
3/1/2014,,,,,
3/2/2014,,,,,
3/3/2014,212.2,,,,
3/4/2014,211.7,,,,
3/5/2014,211,,,,
3/6/2014,210.9,,,,
3/7/2014,211.6,,,,
3/8/2014,,,,,
3/9/2014,,,,,
3/10/2014,210.8,,,,
3/11/2014,211.2,,,,
3/12/2014,210.8,,,,
3/13/2014,211.6,,,,
3/14/2014,210.6,,,,
3/15/2014,,,,,
3/16/2014,,,,,
3/17/2014,,,,,
3/18/2014,212.5,,,,
3/19/2014,,,,,
3/20/2014,,,,,
3/21/2014,,,,,
3/22/2014,,,,,
3/23/2014,213.5,,,,
3/24/2014,213.4,,,,
3/25/2014,210.6,,,,
3/26/2014,211.5,,,,
3/27/2014,209.4,,,,
3/28/2014,,,,,
3/29/2014,,,,,
3/30/2014,,,,,
3/31/2014,211.6,,,,
4/1/2014,210.3,,,,
4/2/2014,211.2,,,,
4/3/2014,211.1,,,,
4/4/2014,210.8,,,,
4/5/2014,,,,,
4/6/2014,,,,,
4/7/2014,,,,,
4/8/2014,,,,,
4/9/2014,214.9,,,,
4/10/2014,211.6,,,,
4/11/2014,211.6,,,,
4/12/2014,210.7,,,,
4/13/2014,,,,,
4/14/2014,211.3,,,,
4/15/2014,211.3,,,,
4/16/2014,,,,,
4/17/2014,213.2,,,,
4/18/2014,212.6,,,,
4/19/2014,,,,,
4/20/2014,,,,,
4/21/2014,214.2,,,,
4/22/2014,213.4,,,,
4/23/2014,213.8,,,,
4/24/2014,212.7,,,,
4/25/2014,213.2,,,,
4/26/2014,,,,,
4/27/2014,,,,,
4/28/2014,214.7,,,,
4/29/2014,214.9,,,,
4/30/2014,214.9,,,,
5/1/2014,214.6,,,,
5/2/2014,214.7,,,,
5/3/2014,,,,,
5/4/2014,,,,,
5/5/2014,215.2,,,,
5/6/2014,214.1,,,,
5/7/2014,214.9,,,,
5/8/2014,213.1,,,,
5/9/2014,213.4,,,,
5/10/2014,,,,,
5/11/2014,,,,,
5/12/2014,214.2,,,,
5/13/2014,215.8,,,,
5/14/2014,216.2,,,,
5/15/2014,215.5,,,,
5/16/2014,214.6,,,,
5/17/2014,,,,,
5/18/2014,,,,,
5/19/2014,,,,,
5/20/2014,217.3,,,,
5/21/2014,216.1,,,,
5/22/2014,214.8,,,,
5/23/2014,214.5,,,,
5/24/2014,,,,,
5/25/2014,,,,,
5/26/2014,,,,,
5/27/2014,218.3,,,,
5/28/2014,216.9,,,,
5/29/2014,217,,,,
5/30/2014,217.2,,,,
5/31/2014,,,,,
6/1/2014,,,,,
6/2/2014,215,,,,
6/3/2014,213.8,,,,
6/4/2014,215,,,,
6/5/2014,213.6,,,,
6/6/2014,213.4,,,,
6/7/2014,,,,,
6/8/2014,211.6,,,,
6/9/2014,213.8,,,,
6/10/2014,214.7,,,,
6/11/2014,214.9,,,,
6/12/2014,,,,,
6/13/2014,,,,,
6/14/2014,,,,,
6/15/2014,,,,,
6/16/2014,217.9,,,,
6/17/2014,216.5,,,,
6/18/2014,215.7,,,,
6/19/2014,213.9,,,,
6/20/2014,215,,,,
6/21/2014,214,,,,
6/22/2014,212.9,,,,
6/23/2014,213.5,,,,
6/24/2014,214.5,,,,
6/25/2014,215,,,,
6/26/2014,214.3,,,,
6/27/2014,213.8,,,,
6/28/2014,,,,,
6/29/2014,,,,,
6/30/2014,213,,,,
7/1/2014,214.2,,,,
7/2/2014,215.2,,,,
7/3/2014,213.1,,,,
7/4/2014,212.4,,,,
7/5/2014,,,,,
7/6/2014,,,,,
7/7/2014,215.2,,,,
7/8/2014,215.2,,,,
7/9/2014,214.7,,,,
7/10/2014,,,,,
7/11/2014,214,,,,
7/12/2014,,,,,
7/13/2014,,,,,
7/14/2014,214.1,,,,
7/15/2014,214.1,,,,
7/16/2014,214.5,,,,
7/17/2014,217,,,,
7/18/2014,213.7,,,,
7/19/2014,,,,,
7/20/2014,,,,,
7/21/2014,214.6,,,,
7/22/2014,215.4,,,,
7/23/2014,214.9,,,,
7/24/2014,215.3,,,,
7/25/2014,214.8,,,,
7/26/2014,,,,,
7/27/2014,,,,,
7/28/2014,217.2,,,,
7/29/2014,214.9,,,,
7/30/2014,215.2,,,,
7/31/2014,215.8,,,,
8/1/2014,214.3,,,,
8/2/2014,,,,,
8/3/2014,,,,,
8/4/2014,215.9,,,,
8/5/2014,215,,,,
8/6/2014,216.1,,,,
8/7/2014,215.1,,,,
8/8/2014,215.1,,,,
8/9/2014,,,,,
8/10/2014,,,,,
8/11/2014,215.2,,,,
8/12/2014,215.3,,,,
8/13/2014,215.7,,,,
8/14/2014,215.3,,,,
8/15/2014,214.6,,,,
8/16/2014,216,,,,
8/17/2014,,,,,
8/18/2014,215.5,,,,
8/19/2014,215,,,,
8/20/2014,216,,,,
8/21/2014,,,,,
8/22/2014,,,,,
8/23/2014,,,,,
8/24/2014,,,,,
8/25/2014,215.7,,,,
8/26/2014,214.9,,,,
8/27/2014,216.1,,,,
8/28/2014,216.3,,,,
8/29/2014,215.8,,,,
8/30/2014,,,,,
8/31/2014,,,,,
9/1/2014,,,,,
9/2/2014,217.5,,,,
9/3/2014,217.2,,,,
9/4/2014,215.3,,,,
9/5/2014,213.6,,,,
9/6/2014,215.6,,,,
9/7/2014,,,,,
9/8/2014,,,,,
9/9/2014,215,,,,
9/10/2014,217,,,,
9/11/2014,215.5,,,,
9/12/2014,214.5,,,,
9/13/2014,,,,,
9/14/2014,,,,,
9/15/2014,,,,,
9/16/2014,215.3,,,,
9/17/2014,216.7,,,,
9/18/2014,,,,,
9/19/2014,214.8,,,,
9/20/2014,,,,,
9/21/2014,,,,,
9/22/2014,214.5,,,,
9/23/2014,214,,,,
9/24/2014,214.6,,,,
9/25/2014,214,,,,
9/26/2014,,,,,
9/27/2014,,,,,
9/28/2014,,,,,
9/29/2014,216.4,,,,
9/30/2014,215.8,,,,
10/1/2014,,,,,
10/2/2014,215.4,,,,
10/3/2014,216.7,,,,
10/4/2014,,,,,
10/5/2014,,,,,
10/6/2014,215.3,,,,
10/7/2014,216.9,,,,
10/8/2014,216.1,,,,
10/9/2014,215.2,,,,
10/10/2014,214.9,,,,
10/11/2014,,,,,
10/12/2014,,,,,
10/13/2014,216.2,,,,
10/14/2014,214.9,,,,
10/15/2014,214,,,,
10/16/2014,215,,,,
10/17/2014,,,,,
10/18/2014,,,,,
10/19/2014,,,,,
10/20/2014,215.5,,,,
10/21/2014,214.3,,,,
10/22/2014,215.2,,,,
10/23/2014,213.1,,,,
10/24/2014,212.5,,,,
10/25/2014,213.2,,,,
10/26/2014,,,,,
10/27/2014,212.8,,,,
10/28/2014,213.6,,,,
10/29/2014,214.5,,,,
10/30/2014,214.3,,,,
10/31/2014,213.6,,,,
11/1/2014,214,,,,
11/2/2014,215.4,,,,
11/3/2014,214.5,,,,
11/4/2014,213.8,,,,
11/5/2014,212.7,,,,
11/6/2014,212.4,,,,
11/7/2014,,,,,
11/8/2014,,,,,
11/9/2014,,,,,
11/10/2014,213.2,,,,
11/11/2014,213.5,,,,
11/12/2014,214.3,,,,
11/13/2014,213.5,,,,
11/14/2014,213.1,,,,
11/15/2014,214.1,,,,
11/16/2014,213.3,,,,
11/17/2014,,,,,
11/18/2014,214.1,,,,
11/19/2014,214.2,,,,
11/20/2014,213.9,,,,
11/21/2014,213.8,,,,
11/22/2014,,,,,
11/23/2014,,,,,
11/24/2014,214.9,,,,
11/25/2014,,,,,
11/26/2014,214.6,,,,
11/27/2014,,,,,
11/28/2014,215.8,,,,
11/29/2014,,,,,
11/30/2014,,,,,
12/1/2014,,,,,
12/2/2014,,,,,
12/3/2014,,,,,
12/4/2014,,,,,
12/5/2014,,,,,
12/6/2014,,,,,
12/7/2014,,,,,
12/8/2014,,,,,
12/9/2014,,,,,
12/10/2014,,,,,
12/11/2014,,,,,
12/12/2014,,,,,
12/13/2014,,,,,
12/14/2014,,,,,
12/15/2014,,,,,
12/16/2014,,,,,
12/17/2014,,,,,
12/18/2014,,,,,
12/19/2014,,,,,
12/20/2014,,,,,
12/21/2014,,,,,
12/22/2014,,,,,
12/23/2014,,,,,
12/24/2014,,,,,
12/25/2014,,,,,
12/26/2014,,,,,
12/27/2014,,,,,
12/28/2014,,,,,
12/29/2014,,,,,
12/30/2014,,,,,
12/31/2014,,,,,
1/1/2015,,,,,
1/2/2015,,,,,
1/3/2015,,,,,
1/4/2015,,,,,
1/5/2015,,,,,
1/6/2015,,,,,
1/7/2015,,,,,
1/8/2015,,,,,
1/9/2015,,,,,
1/10/2015,,,,,
1/11/2015,,,,,
1/12/2015,,,,,
1/13/2015,,,,,
1/14/2015,,,,,
1/15/2015,,,,,
1/16/2015,,,,,
1/17/2015,,,,,
1/18/2015,,,,,
1/19/2015,,,,,
1/20/2015,,,,,
1/21/2015,,,,,
1/22/2015,,,,,
1/23/2015,,,,,
1/24/2015,,,,,
1/25/2015,,,,,
1/26/2015,,,,,
1/27/2015,,,,,
1/28/2015,,,,,
1/29/2015,,,,,
1/30/2015,,,,,
1/31/2015,,,,,
2/1/2015,,,,,
2/2/2015,,,,,
2/3/2015,,,,,
2/4/2015,,,,,
2/5/2015,,,,,
2/6/2015,,,,,
2/7/2015,,,,,
2/8/2015,,,,,
2/9/2015,,,,,
2/10/2015,,,,,
2/11/2015,,,,,
2/12/2015,,,,,
2/13/2015,,,,,
2/14/2015,,,,,
2/15/2015,,,,,
2/16/2015,,,,,
2/17/2015,,,,,
2/18/2015,,,,,
2/19/2015,,,,,
2/20/2015,,,,,
2/21/2015,,,,,
2/22/2015,,,,,
2/23/2015,,,,,
2/24/2015,,,,,
2/25/2015,,,,,
2/26/2015,,,,,
2/27/2015,,,,,
2/28/2015,,,,,
3/1/2015,,,,,
3/2/2015,213.4,,,,
3/3/2015,212.8,,,,
3/4/2015,214.1,,,,
3/5/2015,214.8,,,,
3/6/2015,,,,,
3/7/2015,,,,,
3/8/2015,,,,,
3/9/2015,215.4,,,,
3/10/2015,214.9,,,,
3/11/2015,215.4,,,,
3/12/2015,213.8,,,,
3/13/2015,214.2,,,,
3/14/2015,,,,,
3/15/2015,,,,,
3/16/2015,215,,,,
3/17/2015,214.9,,,,
3/18/2015,215.5,,,,
3/19/2015,212.9,,,,
3/20/2015,213,,,,
3/21/2015,,,,,
3/22/2015,,,,,
3/23/2015,213.2,,,,
3/24/2015,213.3,,,,
3/25/2015,212.7,,,,
3/26/2015,211.6,,,,
3/27/2015,211.6,,,,
3/28/2015,211.4,,,,
3/29/2015,,,,,
3/30/2015,212.6,,,,
3/31/2015,212.1,,,,
4/1/2015,212.3,,,,
4/2/2015,213.5,,,,
4/3/2015,212.6,,,,
4/4/2015,212.1,,,,
4/5/2015,,,,,
4/6/2015,214,,,,
4/7/2015,212.6,,,,
4/8/2015,213.1,,,,
4/9/2015,212.2,,,,
4/10/2015,213.5,,,,
4/11/2015,212.9,,,,
4/12/2015,,,,,
4/13/2015,213.8,,,,
4/14/2015,212.6,,,,
4/15/2015,213.7,,,,
4/16/2015,212.5,,,,
4/17/2015,211,,,,
4/18/2015,,,,,
4/19/2015,214,,,,
4/20/2015,214.2,,,,
4/21/2015,213.8,,,,
4/22/2015,213.9,,,,
4/23/2015,212.4,,,,
4/24/2015,211.7,,,,
4/25/2015,,,,,
4/26/2015,212.9,,,,
4/27/2015,,,,,
4/28/2015,212.6,,,,
4/29/2015,212.6,,,,
4/30/2015,213.2,,,,
5/1/2015,214.1,,,,
5/2/2015,,,,,
5/3/2015,,,,,
5/4/2015,215.5,,,,
5/5/2015,215.6,,,,
5/6/2015,215.1,,,,
5/7/2015,213.2,,,,
5/8/2015,211.9,,,,
5/9/2015,211.7,,,,
5/10/2015,212.5,,,,
5/11/2015,212.7,,,,
5/12/2015,214.6,,,,
5/13/2015,214.8,,,,
5/14/2015,215.6,,,,
5/15/2015,214.1,,,,
5/16/2015,,,,,
5/17/2015,,,,,
5/18/2015,215.8,,,,
5/19/2015,213.9,,,,
5/20/2015,213.4,,,,
5/21/2015,214.4,,,,
5/22/2015,,,,,
5/23/2015,,,,,
5/24/2015,,,,,
5/25/2015,215.9,,,,
5/26/2015,,,,,
5/27/2015,214.1,,,,
5/28/2015,,,,,
5/29/2015,,,,,
5/30/2015,,,,,
5/31/2015,,,,,
6/1/2015,,,,,
6/2/2015,,,,,
6/3/2015,,,,,
6/4/2015,,,,,
6/5/2015,,,,,
6/6/2015,,,,,
6/7/2015,,,,,
6/8/2015,,,,,
6/9/2015,,,,,
6/10/2015,,,,,
6/11/2015,,,,,
6/12/2015,,,,,
6/13/2015,,,,,
6/14/2015,,,,,
6/15/2015,,,,,
6/16/2015,,,,,
6/17/2015,,,,,
6/18/2015,,,,,
6/19/2015,,,,,
6/20/2015,,,,,
6/21/2015,,,,,
6/22/2015,,,,,
6/23/2015,,,,,
6/24/2015,,,,,
6/25/2015,,,,,
6/26/2015,,,,,
6/27/2015,,,,,
6/28/2015,,,,,
6/29/2015,,,,,
6/30/2015,,,,,
7/1/2015,,,,,
7/2/2015,,,,,
7/3/2015,,,,,
7/4/2015,,,,,
7/5/2015,,,,,
7/6/2015,,,,,
7/7/2015,,,,,
7/8/2015,,,,,
7/9/2015,,,,,
7/10/2015,,,,,
7/11/2015,,,,,
7/12/2015,,,,,
7/13/2015,,,,,
7/14/2015,,,,,
7/15/2015,213.2,,,,
7/16/2015,210.9,,,,
7/17/2015,210.1,,,,
7/18/2015,210.5,,,,
7/19/2015,,,,,
7/20/2015,210.6,,,,
7/21/2015,209.6,,,,
7/22/2015,209.7,,,,
7/23/2015,210.6,,,,
7/24/2015,209.7,,,,
7/25/2015,209.7,,,,
7/26/2015,,,,,
7/27/2015,,,,,
7/28/2015,,,,,
7/29/2015,209.4,,,,
7/30/2015,209.2,,,,
7/31/2015,209.8,,,,
8/1/2015,210.3,,,,
8/2/2015,,,,,
8/3/2015,210.8,,,,
8/4/2015,,,,,
8/5/2015,209,,,,
8/6/2015,208.2,,,,
8/7/2015,207.4,,,,
8/8/2015,208,,,,
8/9/2015,207.2,,,,
8/10/2015,207.1,,,,
8/11/2015,207.3,,,,
8/12/2015,208.1,,,,
8/13/2015,207.8,,,,
8/14/2015,207.6,,,,
8/15/2015,206.4,,,,
8/16/2015,207.5,,,,
8/17/2015,207.5,,,,
8/18/2015,207.1,,,,
8/19/2015,206.8,,,,
8/20/2015,206.9,,,,
8/21/2015,208,,,,
8/22/2015,,,,,
8/23/2015,,,,,
8/24/2015,207.6,,,,
8/25/2015,208.9,,,,
8/26/2015,208.4,,,,
8/27/2015,207.8,,,,
8/28/2015,206.5,,,,
8/29/2015,205.2,,,,
8/30/2015,205.5,,,,
8/31/2015,205.6,,,,
9/1/2015,206.2,,,,
9/2/2015,204.8,,,,
9/3/2015,204.8,,,,
9/4/2015,204.8,,,,
9/5/2015,204.4,,,,
9/6/2015,204.9,,,,
9/7/2015,204.7,,,,
9/8/2015,205.1,,,,
9/9/2015,205.2,,,,
9/10/2015,204.6,,,,
9/11/2015,205.3,,,,
9/12/2015,205.6,,,,
9/13/2015,,,,,
9/14/2015,204.1,,,,
9/15/2015,205,,,,
9/16/2015,204.1,,,,
9/17/2015,203.6,,,,
9/18/2015,203.5,,,,
9/19/2015,202.6,,,,
9/20/2015,204.3,,,,
9/21/2015,204.1,,,,
9/22/2015,203.4,,,,
9/23/2015,202.6,,,,
9/24/2015,203.5,,,,
9/25/2015,202.6,,,,
9/26/2015,204.1,,,,
9/27/2015,,,,,
9/28/2015,204.3,,,,
9/29/2015,203.9,,,,
9/30/2015,202.8,,,,
10/1/2015,202.1,,,,
10/2/2015,202.3,,,,
10/3/2015,201.8,,,,
10/4/2015,202.6,,,,
10/5/2015,202.2,,,,
10/6/2015,202.9,,,,
10/7/2015,202.5,,,,
10/8/2015,201.8,,,,
10/9/2015,201.2,,,,
10/10/2015,201.4,,,,
10/11/2015,201.5,,,,
10/12/2015,201,,,,
10/13/2015,201.4,,,,
10/14/2015,201.8,,,,
10/15/2015,201.6,,,,
10/16/2015,202,,,,
10/17/2015,202.4,,,,
10/18/2015,,,,,
10/19/2015,202.9,,,,
10/20/2015,200.9,,,,
10/21/2015,200.2,,,,
10/22/2015,199.5,,,,
10/23/2015,199.7,,,,
10/24/2015,199,,,,
10/25/2015,199.4,,,,
10/26/2015,201.3,,,,
10/27/2015,200.2,,,,
10/28/2015,200.1,,,,
10/29/2015,200,,,,
10/30/2015,199.2,,,,
10/31/2015,199.5,,,,
11/1/2015,,,,,
11/2/2015,199.1,,,,
11/3/2015,199,,,,
11/4/2015,199.4,,,,
11/5/2015,197.7,,,,
11/6/2015,196,,,,
11/7/2015,196.5,,,,
11/8/2015,197.2,,,,
11/9/2015,198.7,,,,
11/10/2015,197.7,,,,
11/11/2015,197.2,,,,
11/12/2015,197.5,,,,
11/13/2015,197.7,,,,
11/14/2015,198.1,,,,
11/15/2015,198.3,,,,
11/16/2015,198.8,,,,
11/17/2015,198.3,,,,
11/18/2015,198.4,,,,
11/19/2015,197,,,,
11/20/2015,198.1,,,,
11/21/2015,198,,,,
11/22/2015,198.5,,,,
11/23/2015,197.8,,,,
11/24/2015,198.1,,,,
11/25/2015,197.2,,,,
11/26/2015,197.7,,,,
11/27/2015,199.4,,,,
11/28/2015,199.7,,,,
11/29/2015,,,,,
11/30/2015,197.9,,,,
12/1/2015,198.7,,,,
12/2/2015,197.5,,,,
12/3/2015,197.4,,,,
12/4/2015,198.1,,,,
12/5/2015,198.4,,,,
12/6/2015,,,,,
12/7/2015,198.1,,,,
12/8/2015,198.7,,,,
12/9/2015,197.3,,,,
12/10/2015,195.8,,,,
12/11/2015,195.1,,,,
12/12/2015,194.8,,,,
12/13/2015,,,,,
12/14/2015,195.8,,,,
12/15/2015,196.8,,,,
12/16/2015,198.2,,,,
12/17/2015,197.3,,,,
12/18/2015,196.5,,,,
12/19/2015,196.2,,,,
12/20/2015,196.4,,,,
12/21/2015,198,,,,
12/22/2015,197.5,,,,
12/23/2015,197.5,,,,
12/24/2015,,,,,
12/25/2015,,,,,
12/26/2015,,,,,
12/27/2015,,,,,
12/28/2015,197.7,,,,
12/29/2015,197.7,,,,
12/30/2015,197.4,,,,
12/31/2015,196.8,,,,
1/1/2016,196.5,,,,
1/2/2016,197.8,,,,
1/3/2016,,,,,
1/4/2016,198.3,,,,
1/5/2016,197.9,,,,
1/6/2016,198.2,,,,
1/7/2016,196.9,,,,
1/8/2016,197.5,,,,
1/9/2016,197.6,,,,
1/10/2016,197.9,,,,
1/11/2016,197.7,,,,
1/12/2016,197.3,,,,
1/13/2016,197.4,,,,
1/14/2016,197.1,,,,
1/15/2016,197,,,,
1/16/2016,196.7,,,,
1/17/2016,,,,,
1/18/2016,,,,,
1/19/2016,198.3,,,,
1/20/2016,198.2,,,,
1/21/2016,196.6,,,,
1/22/2016,195.3,,,,
1/23/2016,196.1,,,,
1/24/2016,,,,,
1/25/2016,197.1,,,,
1/26/2016,197.1,,,,
1/27/2016,195.9,,,,
1/28/2016,195.7,,,,
1/29/2016,195.8,,,,
1/30/2016,196,,,,
1/31/2016,,,,,
2/1/2016,197.8,,,,
2/2/2016,,,,,
2/3/2016,196.4,,,,
2/4/2016,195.4,,,,
2/5/2016,196.1,,,,
2/6/2016,196.1,,,,
2/7/2016,,,,,
2/8/2016,197.6,,,,
2/9/2016,199.3,,,,
2/10/2016,199.2,,,,
2/11/2016,196.3,,,,
2/12/2016,194.9,,,,
2/13/2016,194.7,,,,
2/14/2016,195.8,,,,
2/15/2016,195.1,,,,
2/16/2016,196.2,,,,
2/17/2016,195.7,,,,
2/18/2016,195.1,,,,
2/19/2016,194.2,,,,
2/20/2016,196.1,,,,
2/21/2016,,,,,
2/22/2016,198,,,,
2/23/2016,197.9,,,,
2/24/2016,197.4,,,,
2/25/2016,,,,,
2/26/2016,,,,,
2/27/2016,,,,,
2/28/2016,197.9,,,,
2/29/2016,197.8,,,,
3/1/2016,196.6,,,,
3/2/2016,196.6,,,,
3/3/2016,196.5,,,,
3/4/2016,195.6,,,,
3/5/2016,196.4,,,,
3/6/2016,,,,,
3/7/2016,,,,,
3/8/2016,,,,,
3/9/2016,,,,,
3/10/2016,,,,,
3/11/2016,199.6,San Francisco,,,
3/12/2016,,,,,
3/13/2016,,,,,
3/14/2016,200.3,,,,
3/15/2016,200.6,,,,
3/16/2016,199.8,,,,
3/17/2016,197.5,,,,
3/18/2016,197.4,,,,
3/19/2016,,,,,
3/20/2016,,,,,
3/21/2016,199.3,,,,
3/22/2016,199.4,,,,
3/23/2016,198.1,,,,
3/24/2016,196.9,,,,
3/25/2016,197.8,,,,
3/26/2016,,,,,
3/27/2016,197.8,,,,
3/28/2016,199.1,,,,
3/29/2016,199.1,,,,
3/30/2016,198.6,,,,
3/31/2016,199.7,,,,
4/1/2016,,,,,
4/2/2016,,,,,
4/3/2016,,,,,
4/4/2016,,,,,
4/5/2016,,,,,
4/6/2016,,,,,
4/7/2016,,,,,
4/8/2016,,,,,
4/9/2016,,,,,
4/10/2016,,,,,
4/11/2016,,,,,
4/12/2016,,,,,
4/13/2016,,,,,
4/14/2016,,,,,
4/15/2016,,,,,
4/16/2016,199.9,,,,
4/17/2016,,,,,
4/18/2016,202.2,,,,
4/19/2016,201.7,,,,
4/20/2016,200.8,,,,
4/21/2016,,,,,
4/22/2016,197.6,,,,
4/23/2016,197.6,,,,
4/24/2016,197.5,,,,
4/25/2016,,,,,
4/26/2016,199.5,,,,
4/27/2016,199.8,,,,
4/28/2016,198.3,,,,
4/29/2016,,,,,
4/30/2016,,,,,
5/1/2016,,,,,
5/2/2016,,,,,
5/3/2016,199.4,,,,
5/4/2016,200.6,,,,
5/5/2016,199.5,,,,
5/6/2016,198.2,,,,
5/7/2016,,,,,
5/8/2016,,,,,
5/9/2016,199.5,,,,
5/10/2016,200.9,,,,
5/11/2016,200.9,,,,
5/12/2016,201.2,,,,
5/13/2016,200,,,,
5/14/2016,200.6,,,,
5/15/2016,,,,,
5/16/2016,200.1,,,,
5/17/2016,200.3,,,,
5/18/2016,199.8,,,,
5/19/2016,199.8,,,,
5/20/2016,200.5,,,,
5/21/2016,,,,,
5/22/2016,,,,,
5/23/2016,201.2,,,,
5/24/2016,200.8,,,,
5/25/2016,201.4,,,,
5/26/2016,202.3,,,,
5/27/2016,201.3,,,,
5/28/2016,201,,,,
5/29/2016,200.7,,,,
5/30/2016,,,,,
5/31/2016,202.4,,,,
6/1/2016,202.6,,,,
6/2/2016,203.1,,,,
6/3/2016,201.6,,,,
6/4/2016,200.8,,,,
6/5/2016,202,,,,
6/6/2016,202.3,,,,
6/7/2016,205.2,,,,
6/8/2016,203.4,,,,
6/9/2016,202.6,,,,
6/10/2016,201.8,,,,
6/11/2016,201.9,,,,
6/12/2016,,,,,
6/13/2016,201.9,,,,
6/14/2016,202.3,,,,
6/15/2016,202.4,,,,
6/16/2016,200.3,,,,
6/17/2016,200,,,,
6/18/2016,,,,,
6/19/2016,,,,,
6/20/2016,204,,,,
6/21/2016,201.9,,,,
6/22/2016,203,,,,
6/23/2016,201.1,,,,
6/24/2016,201.3,,,,
6/25/2016,201.8,,,,
6/26/2016,202,,,,
6/27/2016,203.7,,,,
6/28/2016,204.4,,,,
6/29/2016,203.3,,,,
6/30/2016,201.4,,,,
7/1/2016,201.8,,,,
7/2/2016,,,,,
7/3/2016,,,,,
7/4/2016,,,,,
7/5/2016,204,,,,
7/6/2016,203.6,,,,
7/7/2016,202.4,,,,
7/8/2016,202,,,,
7/9/2016,,,,,
7/10/2016,,,,,
7/11/2016,,,,,
7/12/2016,,,,,
7/13/2016,,,,,
7/14/2016,,,,,
7/15/2016,,,,,
7/16/2016,,,,,
7/17/2016,,,,,
7/18/2016,206.3,,,,
7/19/2016,204.9,,,,
7/20/2016,204.4,,,,
7/21/2016,204.4,,,,
7/22/2016,203.3,,,,
7/23/2016,203.2,,,,
7/24/2016,,,,,
7/25/2016,205.8,,,,
7/26/2016,,,,,
7/27/2016,,,,,
7/28/2016,,,,,
7/29/2016,,,,,
7/30/2016,,,,,
7/31/2016,,,,,
8/1/2016,,,,,
8/2/2016,,,,,
8/3/2016,,,,,
8/4/2016,,,,,
8/5/2016,,,,,
8/6/2016,,,,,
8/7/2016,,,,,
8/8/2016,,,,,
8/9/2016,,,,,
8/10/2016,,,,,
8/11/2016,,,,,
8/12/2016,,,,,
8/13/2016,,,,,
8/14/2016,,,,,
8/15/2016,,,,,
8/16/2016,,,,,
8/17/2016,,,,,
8/18/2016,,,,,
8/19/2016,,,,,
8/20/2016,,,,,
8/21/2016,,,,,
8/22/2016,,,,,
8/23/2016,,,,,
8/24/2016,,,,,
8/25/2016,,,,,
8/26/2016,,,,,
8/27/2016,,,,,
8/28/2016,,,,,
8/29/2016,,,,,
8/30/2016,,,,,
8/31/2016,,,,,
9/1/2016,,,,,
9/2/2016,,,,,
9/3/2016,,,,,
9/4/2016,,,,,
9/5/2016,,,,,
9/6/2016,,,,,
9/7/2016,,,,,
9/8/2016,,,,,
9/9/2016,,,,,
9/10/2016,,,,,
9/11/2016,,,,,
9/12/2016,,,,,
9/13/2016,,,,,
9/14/2016,,,,,
9/15/2016,,,,,
9/16/2016,,,,,
9/17/2016,,,,,
9/18/2016,,,,,
9/19/2016,,,,,
9/20/2016,,,,,
9/21/2016,,,,,
9/22/2016,,,,,
9/23/2016,,,,,
9/24/2016,,,,,
9/25/2016,,,,,
9/26/2016,,,,,
9/27/2016,,,,,
9/28/2016,,,,,
9/29/2016,,,,,
9/30/2016,,,,,
10/1/2016,,,,,
10/2/2016,,,,,
10/3/2016,,,,,
10/4/2016,,,,,
10/5/2016,,,,,
10/6/2016,,,,,
10/7/2016,,,,,
10/8/2016,,,,,
10/9/2016,,,,,
10/10/2016,,,,,
10/11/2016,,,,,
10/12/2016,,,,,
10/13/2016,,,,,
10/14/2016,,,,,
10/15/2016,,,,,
10/16/2016,,,,,
10/17/2016,,,,,
10/18/2016,,,,,
10/19/2016,,,,,
10/20/2016,,,,,
10/21/2016,,,,,
10/22/2016,,,,,
10/23/2016,,,,,
10/24/2016,,,,,
10/25/2016,,,,,
10/26/2016,,,,,
10/27/2016,,,,,
10/28/2016,,,,,
10/29/2016,,,,,
10/30/2016,,,,,
10/31/2016,,,,,
11/1/2016,,,,,
11/2/2016,,,,,
11/3/2016,,,,,
11/4/2016,,,,,
11/5/2016,,,,,
11/6/2016,,,,,
11/7/2016,,,,,
11/8/2016,,,,,
11/9/2016,,,,,
11/10/2016,,,,,
11/11/2016,,,,,
11/12/2016,,,,,
11/13/2016,,,,,
11/14/2016,,,,,
11/15/2016,,,,,
11/16/2016,,,,,
11/17/2016,,,,,
11/18/2016,,,,,
11/19/2016,,,,,
11/20/2016,,,,,
11/21/2016,,,,,
11/22/2016,,,,,
11/23/2016,,,,,
11/24/2016,,,,,
11/25/2016,,,,,
11/26/2016,,,,,
11/27/2016,,,,,
11/28/2016,,,,,
11/29/2016,,,,,
11/30/2016,,,,,
12/1/2016,,,,,
12/2/2016,,,,,
12/3/2016,,,,,
12/4/2016,,,,,
12/5/2016,,,,,
12/6/2016,,,,,
12/7/2016,,,,,
12/8/2016,,,,,
12/9/2016,,,,,
12/10/2016,,,,,
12/11/2016,,,,,
12/12/2016,,,,,
12/13/2016,,,,,
12/14/2016,,,,,
12/15/2016,,,,,
12/16/2016,,,,,
12/17/2016,,,,,
12/18/2016,,,,,
12/19/2016,,,,,
12/20/2016,,,,,
12/21/2016,,,,,
12/22/2016,,,,,
12/23/2016,,,,,
12/24/2016,,,,,
12/25/2016,,,,,
12/26/2016,,,,,
12/27/2016,,,,,
12/28/2016,,,,,
12/29/2016,,,,,
12/30/2016,,,,,
12/31/2016,,,,,
1/1/2017,,,,,
1/2/2017,,,,,
1/3/2017,,,,,
1/4/2017,,,,,
1/5/2017,,,,,
1/6/2017,,,,,
1/7/2017,,,,,
1/8/2017,,,,,
1/9/2017,,,,,
1/10/2017,,,,,
1/11/2017,,,,,
1/12/2017,,,,,
1/13/2017,,,,,
1/14/2017,,,,,
1/15/2017,,,,,
1/16/2017,,,,,
1/17/2017,,,,,
1/18/2017,,,,,
1/19/2017,,,,,
1/20/2017,,,,,
1/21/2017,,,,,
1/22/2017,,,,,
1/23/2017,,,,,
1/24/2017,,,,,
1/25/2017,,,,,
1/26/2017,,,,,
1/27/2017,,,,,
1/28/2017,,,,,
1/29/2017,,,,,
1/30/2017,,,,,
1/31/2017,,,,,
2/1/2017,,,,,
2/2/2017,,,,,
2/3/2017,,,,,
2/4/2017,,,,,
2/5/2017,,,,,
2/6/2017,,,,,
2/7/2017,,,,,
2/8/2017,,,,,
2/9/2017,,,,,
2/10/2017,,,,,
2/11/2017,,,,,
2/12/2017,,,,,
2/13/2017,,,,,
2/14/2017,,,,,
2/15/2017,,,,,
2/16/2017,,,,,
2/17/2017,,,,,
2/18/2017,,,,,
2/19/2017,,,,,
2/20/2017,,,,,
2/21/2017,,,,,
2/22/2017,,,,,
2/23/2017,,,,,
2/24/2017,,,,,
2/25/2017,,,,,
2/26/2017,,,,,
2/27/2017,,,,,
2/28/2017,,,,,
3/1/2017,,,,,
3/2/2017,,,,,
3/3/2017,,,,,
3/4/2017,,,,,
3/5/2017,,,,,
3/6/2017,,,,,
3/7/2017,,,,,
3/8/2017,,,,,
3/9/2017,,,,,
3/10/2017,,,,,
3/11/2017,,,,,
3/12/2017,,,,,
3/13/2017,,,,,
3/14/2017,,,,,
3/15/2017,,,,,
3/16/2017,,,,,
3/17/2017,,,,,
3/18/2017,,,,,
3/19/2017,,,,,
3/20/2017,,,,,
3/21/2017,,,,,
3/22/2017,,,,,
3/23/2017,,,,,
3/24/2017,,,,,
3/25/2017,,,,,
3/26/2017,,,,,
3/27/2017,,,,,
3/28/2017,,,,,
3/29/2017,,,,,
3/30/2017,,,,,
3/31/2017,,,,,
4/1/2017,,,,,
4/2/2017,,,,,
4/3/2017,,,,,
4/4/2017,,,,,
4/5/2017,,,,,
4/6/2017,,,,,
4/7/2017,,,,,
4/8/2017,,,,,
4/9/2017,,,,,
4/10/2017,,,,,
4/11/2017,,,,,
4/12/2017,,,,,
4/13/2017,,,,,
4/14/2017,,,,,
4/15/2017,,,,,
4/16/2017,,,,,
4/17/2017,,,,,
4/18/2017,,,,,
4/19/2017,,,,,
4/20/2017,,,,,
4/21/2017,,,,,
4/22/2017,,,,,
4/23/2017,,,,,
4/24/2017,,,,,
4/25/2017,,,,,
4/26/2017,,,,,
4/27/2017,,,,,
4/28/2017,,,,,
4/29/2017,,,,,
4/30/2017,,,,,
5/1/2017,,,,,
5/2/2017,,,,,
5/3/2017,,,,,
5/4/2017,,,,,
5/5/2017,,,,,
5/6/2017,,,,,
5/7/2017,,,,,
5/8/2017,,,,,
5/9/2017,,,,,
5/10/2017,,,,,
5/11/2017,,,,,
5/12/2017,,,,,
5/13/2017,,,,,
5/14/2017,,,,,
5/15/2017,,,,,
5/16/2017,,,,,
5/17/2017,,,,,
5/18/2017,,,,,
5/19/2017,,,,,
5/20/2017,,,,,
5/21/2017,,,,,
5/22/2017,,,,,
5/23/2017,,,,,
5/24/2017,,,,,
5/25/2017,,,,,
5/26/2017,,,,,
5/27/2017,,,,,
5/28/2017,,,,,
5/29/2017,,,,,
5/30/2017,,,,,
5/31/2017,,,,,
6/1/2017,,,,,
6/2/2017,,,,,
6/3/2017,,,,,
6/4/2017,,,,,
6/5/2017,,,,,
6/6/2017,,,,,
6/7/2017,,,,,
6/8/2017,,,,,
6/9/2017,,,,,
6/10/2017,,,,,
6/11/2017,,,,,
6/12/2017,,,,,
6/13/2017,,,,,
6/14/2017,,,,,
6/15/2017,,,,,
6/16/2017,,,,,
6/17/2017,,,,,
6/18/2017,,,,,
6/19/2017,,,,,
6/20/2017,,,,,
6/21/2017,,,,,
6/22/2017,,,,,
6/23/2017,,,,,
6/24/2017,,,,,
6/25/2017,,,,,
6/26/2017,,,,,
6/27/2017,,,,,
6/28/2017,,,,,
6/29/2017,,,,,
6/30/2017,,,,,
7/1/2017,203.3,,,,
7/2/2017,,,,,
7/3/2017,,,,,
7/4/2017,204.1,,,,
7/5/2017,204.3,,,,
7/6/2017,206.4,,,,
7/7/2017,205.1,,,,
7/8/2017,205.1,,,,
7/9/2017,206.5,,,,
7/10/2017,205.8,,,,
7/11/2017,206.2,,,,
7/12/2017,204.7,,,,
7/13/2017,203.4,,,,
7/14/2017,203.7,,,,
7/15/2017,,,,,
7/16/2017,,,,,
7/17/2017,205.5,,,,
7/18/2017,207.5,,,,
7/19/2017,206.3,,,,
7/20/2017,204.5,,,,
7/21/2017,203.7,,,,
7/22/2017,203.5,,,,
7/23/2017,205.4,,,,
7/24/2017,205.4,,,,
7/25/2017,205,,,,
7/26/2017,203.7,,,,
7/27/2017,204.4,,,,
7/28/2017,203.2,,,,
7/29/2017,,,,,
7/30/2017,204.1,,,,
7/31/2017,205.5,,,,
8/1/2017,203.7,,,,
8/2/2017,203.9,,,,
8/3/2017,201.8,,,,
8/4/2017,203,,,,
8/5/2017,203.9,,,,
8/6/2017,,,,,
8/7/2017,205.4,,,,
8/8/2017,204.7,,,,
8/9/2017,203.7,,,,
8/10/2017,202.8,,,,
8/11/2017,202.6,,,,
8/12/2017,204,,,,
8/13/2017,,,,,
8/14/2017,204.5,,,,
8/15/2017,203.5,,,,
8/16/2017,203,,,,
8/17/2017,203.1,,,,
8/18/2017,202.9,,,,
8/19/2017,,,,,
8/20/2017,204.8,,,,
8/21/2017,204.9,,,,
8/22/2017,203.2,,,,
8/23/2017,202.4,,,,
8/24/2017,203.1,,,,
8/25/2017,202.3,,,,
8/26/2017,202.6,,,,
8/27/2017,,,,,
8/28/2017,203.2,,,,
8/29/2017,203.2,,,,
8/30/2017,203.7,,,,
8/31/2017,,,,,
9/1/2017,203.8,,,,
9/2/2017,,,,,
9/3/2017,,,,,
9/4/2017,,,,,
9/5/2017,,,,,
9/6/2017,206.5,,,,
9/7/2017,205.5,,,,
9/8/2017,204.8,,,,
9/9/2017,,,,,
9/10/2017,,,,,
9/11/2017,205.2,,,,
9/12/2017,205.2,,,,
9/13/2017,205.1,,,,
9/14/2017,205.5,,,,
9/15/2017,204.1,,,,
9/16/2017,,,,,
9/17/2017,,,,,
9/18/2017,205.6,,,,
9/19/2017,204.5,,,,
9/20/2017,204.7,,,,
9/21/2017,203.5,,,,
9/22/2017,203.7,,,,
9/23/2017,,,,,
9/24/2017,,,,,
9/25/2017,204.3,,,,
9/26/2017,205.5,,,,
9/27/2017,205.1,,,,
9/28/2017,205.5,,,,
9/29/2017,205.9,,,,
9/30/2017,,,,,
10/1/2017,,,,,
10/2/2017,206,,,,
10/3/2017,205.3,,,,
10/4/2017,205.9,,,,
10/5/2017,205.4,,,,
10/6/2017,205,,,,
10/7/2017,,,,,
10/8/2017,,,,,
10/9/2017,206.9,,,,
10/10/2017,208.5,,,,
10/11/2017,209.2,,,,
10/12/2017,208.3,,,,
10/13/2017,207.5,,,,
10/14/2017,,,,,
10/15/2017,,,,,
10/16/2017,208.1,,,,
10/17/2017,209.6,,,,
10/18/2017,208.3,,,,
10/19/2017,207.1,,,,
10/20/2017,207.2,,,,
10/21/2017,,,,,
10/22/2017,,,,,
10/23/2017,207.6,,,,
10/24/2017,205.8,,,,
10/25/2017,206.1,,,,
10/26/2017,207.1,,,,
10/27/2017,206.7,,,,
10/28/2017,,,,,
10/29/2017,,,,,
10/30/2017,207.2,,,,
10/31/2017,206.4,,,,
11/1/2017,206.2,,,,
11/2/2017,204.2,,,,
11/3/2017,205.2,,,,
11/4/2017,205.4,,,,
11/5/2017,,,,,
11/6/2017,206.7,,,,
11/7/2017,207.3,,,,
11/8/2017,206.5,,,,
11/9/2017,206.2,,,,
11/10/2017,205.5,,,,
11/11/2017,,,,,
11/12/2017,,,,,
11/13/2017,205.2,,,,
11/14/2017,206.4,,,,
11/15/2017,205.3,,,,
11/16/2017,205.1,,,,
11/17/2017,,,,,
11/18/2017,,,,,
11/19/2017,205.5,,,,
11/20/2017,207.1,,,,
11/21/2017,205.7,,,,
11/22/2017,206,,,,
11/23/2017,205.3,,,,
11/24/2017,,,,,
11/25/2017,,,,,
11/26/2017,,,,,
11/27/2017,208.2,,,,
11/28/2017,208.6,,,,
11/29/2017,207.1,,,,
11/30/2017,207.6,,,,
12/1/2017,207.2,,,,
12/2/2017,206.3,,,,
12/3/2017,,,,,
12/4/2017,207.9,,,,
12/5/2017,206.4,,,,
12/6/2017,206.6,,,,
12/7/2017,204.5,,,,
12/8/2017,204,,,,
12/9/2017,205.6,,,,
12/10/2017,,,,,
12/11/2017,207.2,,,,
12/12/2017,207.3,,,,
12/13/2017,206.2,,,,
12/14/2017,206,,,,
12/15/2017,205.7,,,,
12/16/2017,205.9,,,,
12/17/2017,,,,,
12/18/2017,206.6,,,,
12/19/2017,206.2,,,,
12/20/2017,,,,,
12/21/2017,,,,,
12/22/2017,,,,,
12/23/2017,209.2,,,,
12/24/2017,,,,,
12/25/2017,,,,,
12/26/2017,,,,,
12/27/2017,207.7,,,,
12/28/2017,208.1,,,,
12/29/2017,208.5,,,,
12/30/2017,,,,,
12/31/2017,,,,,
1/1/2018,,,,,
1/2/2018,207.9,,,,
1/3/2018,207.6,,,,
1/4/2018,206.9,,,,
1/5/2018,207.9,,,,
1/6/2018,207.5,,,,
1/7/2018,,,,,
1/8/2018,209.4,,,,
1/9/2018,208.9,,,,
1/10/2018,209.5,,,,
1/11/2018,207.8,,,,
1/12/2018,207.6,,,,
1/13/2018,,,,,
1/14/2018,,,,,
1/15/2018,208.7,,,,
1/16/2018,208.4,,,,
1/17/2018,208.5,,,,
1/18/2018,207.1,,,,
1/19/2018,,,,,
1/20/2018,,,,,
1/21/2018,,,,,
1/22/2018,207.6,,,,
1/23/2018,208.5,,,,
1/24/2018,209.7,,,,
1/25/2018,208,,,,
1/26/2018,207.8,,,,
1/27/2018,,,,,
1/28/2018,,,,,
1/29/2018,209.2,,,,
1/30/2018,208,,,,
1/31/2018,207.4,,,,
2/1/2018,208.8,,,,
2/2/2018,207.6,,,,
2/3/2018,,,,,
2/4/2018,,,,,
2/5/2018,208.3,,,,
2/6/2018,209.3,,,,
2/7/2018,208.7,,,,
2/8/2018,206.8,,,,
2/9/2018,206.6,,,,
2/10/2018,,,,,
2/11/2018,,,,,
2/12/2018,207.4,,,,
2/13/2018,208.5,,,,
2/14/2018,209.8,,,,
2/15/2018,208.6,,,,
2/16/2018,208.3,,,,
2/17/2018,,,,,
2/18/2018,,,,,
2/19/2018,208.1,,,,
2/20/2018,207.6,,,,
2/21/2018,207.5,,,,
2/22/2018,206.2,,,,
2/23/2018,205.5,,,,
2/24/2018,206.8,,,,
2/25/2018,,,,,
2/26/2018,208,,,,
2/27/2018,206.6,,,,
2/28/2018,207.3,,,,
3/1/2018,206.3,,,,
3/2/2018,205.9,,,,
3/3/2018,,,,,
3/4/2018,,,,,
3/5/2018,207.9,,,,
3/6/2018,208.9,,,,
3/7/2018,209.7,,,,
3/8/2018,207,,,,
3/9/2018,208,,,,
3/10/2018,208.1,,,,
3/11/2018,,,,,
3/12/2018,208.6,,,,
3/13/2018,209.3,,,,
3/14/2018,209,,,,
3/15/2018,209.1,,,,
3/16/2018,,,,,
3/17/2018,,,,,
3/18/2018,,,,,
3/19/2018,210.9,,,,
3/20/2018,210.3,,,,
3/21/2018,211,,,,
3/22/2018,210.4,,,,
3/23/2018,209.6,,,,
3/24/2018,210.7,,,,
3/25/2018,,,,,
3/26/2018,211.9,,,,
3/27/2018,210.8,,,,
3/28/2018,210.2,,,,
3/29/2018,208.9,,,,
3/30/2018,208.2,,,,
3/31/2018,210.2,,,,
4/1/2018,,,,,
4/2/2018,210.8,,,,
4/3/2018,2.9.5,,,,
4/4/2018,210.8,,,,
4/5/2018,208.8,,,,
4/6/2018,208.5,,,,
4/7/2018,209.4,,,,
4/8/2018,,,,,
4/9/2018,208.8,,,,
4/10/2018,209,,,,
4/11/2018,209.3,,,,
4/12/2018,210.4,,,,
4/13/2018,209.7,,,,
4/14/2018,,,,,
4/15/2018,,,,,
4/16/2018,210.9,,,,
4/17/2018,211.3,,,,
4/18/2018,210.2,,,,
4/19/2018,209,,,,
4/20/2018,210.3,,,,
4/21/2018,,,,,
4/22/2018,,,,,
4/23/2018,210.7,,,,
4/24/2018,211.2,,,,
4/25/2018,211,,,,
4/26/2018,210.7,,,,
4/27/2018,209.6,,,,
4/28/2018,,,,,
4/29/2018,,,,,
4/30/2018,212.9,,,,
5/1/2018,212,,,,
5/2/2018,211.7,,,,
5/3/2018,210.3,,,,
5/4/2018,209.3,,,,
5/5/2018,,,,,
5/6/2018,,,,,
5/7/2018,212.3,,,,
5/8/2018,213.9,,,,
5/9/2018,212.4,,,,
5/10/2018,211.2,,,,
5/11/2018,211.1,,,,
5/12/2018,210.5,,,,
5/13/2018,,,,,
5/14/2018,212,,,,
5/15/2018,212,,,,
5/16/2018,211.3,,,,
5/17/2018,209.5,,,,
5/18/2018,209.8,,,,
5/19/2018,209.9,,,,
5/20/2018,,,,,
5/21/2018,210.3,,,,
5/22/2018,211.1,,,,
5/23/2018,210,,,,
5/24/2018,210.2,,,,
5/25/2018,210.2,,,,
5/26/2018,210.3,,,,
5/27/2018,,,,,
5/28/2018,212.2,,,,
5/29/2018,211.3,,,,
5/30/2018,211.4,,,,
5/31/2018,210.1,,,,
6/1/2018,209.7,,,,
6/2/2018,,,,,
6/3/2018,,,,,
6/4/2018,212.1,,,,
6/5/2018,211.3,,,,
6/6/2018,210.2,,,,
6/7/2018,210.7,,,,
6/8/2018,210,,,,
6/9/2018,210.3,,,,
6/10/2018,,,,,
6/11/2018,211.3,,,,
6/12/2018,211.3,,,,
6/13/2018,212.5,,,,
6/14/2018,212.1,,,,
6/15/2018,212.4,,,,
6/16/2018,,,,,
6/17/2018,,,,,
6/18/2018,212.2,,,,
6/19/2018,212.4,,,,
6/20/2018,211.1,,,,
6/21/2018,210.8,,,,
6/22/2018,209.2,,,,
6/23/2018,210.4,,,,
6/24/2018,,,,,
6/25/2018,210.8,,,,
6/26/2018,211,,,,
6/27/2018,212.2,,,,
6/28/2018,210.5,,,,
6/29/2018,210.1,,,,
6/30/2018,211.3,,,,
7/1/2018,209.7,,,,
7/2/2018,,,,,
7/3/2018,205.9,,,,
7/4/2018,207.4,,,,
7/5/2018,207.3,,,,
7/6/2018,207.8,,,,
7/7/2018,208.1,,,,
7/8/2018,207.7,,,,
7/9/2018,208.3,,,,
7/10/2018,208.4,,,,
7/11/2018,208.6,,,,
7/12/2018,207.5,,,,
7/13/2018,207.1,,,,
7/14/2018,206.6,,,,
7/15/2018,,,,,
7/16/2018,208.7,,,,
7/17/2018,208.1,,,,
7/18/2018,206.6,,,,
7/19/2018,206.2,,,,
7/20/2018,206.4,,,,
7/21/2018,,,,,
7/22/2018,,,,,
7/23/2018,206.9,,,,
7/24/2018,206.4,,,,
7/25/2018,205.7,,,,
7/26/2018,206,,,,
7/27/2018,205.3,,,,
7/28/2018,205.9,,,,
7/29/2018,,,,,
7/30/2018,207.7,,,,
7/31/2018,206.3,,,,
8/1/2018,205.9,,,,
8/2/2018,205,,,,
8/3/2018,204.7,,,,
8/4/2018,205.7,,,,
8/5/2018,,,,,
8/6/2018,206.8,,,,
8/7/2018,207.7,,,,
8/8/2018,205.4,,,,
8/9/2018,205.4,,,,
8/10/2018,204.7,,,,
8/11/2018,205.4,,,,
8/12/2018,,,,,
8/13/2018,208.4,,,,
8/14/2018,208,,,,
8/15/2018,206.6,,,,
8/16/2018,206.5,,,,
8/17/2018,204.5,,,,
8/18/2018,204,,,,
8/19/2018,204.9,,,,
8/20/2018,204.9,,,,
8/21/2018,204.7,,,,
8/22/2018,204.9,,,,
8/23/2018,204.9,,,,
8/24/2018,,,,,
8/25/2018,,,,,
8/26/2018,,,,,
8/27/2018,205.2,,,,
8/28/2018,206,,,,
8/29/2018,204.7,,,,
8/30/2018,203.6,,,,
8/31/2018,204.2,,,,
9/1/2018,202.8,,,,
9/2/2018,,,,,
9/3/2018,,,,,
9/4/2018,,,,,
9/5/2018,,,,,
9/6/2018,,,,,
9/7/2018,,,,,
9/8/2018,,,,,
9/9/2018,,,,,
9/10/2018,,,,,
9/11/2018,204.2,,,,
9/12/2018,202.4,,,,
9/13/2018,202,,,,
9/14/2018,201.5,,,,
9/15/2018,203.8,,,,
9/16/2018,202.9,,,,
9/17/2018,204.2,,,,
9/18/2018,204.2,,,,
9/19/2018,203.1,,,,
9/20/2018,202.6,,,,
9/21/2018,201.8,,,,
9/22/2018,201.9,,,,
9/23/2018,,,,,
9/24/2018,201.8,,,,
9/25/2018,203.9,,,,
9/26/2018,202.3,,,,
9/27/2018,201,,,,
9/28/2018,201.6,,,,
9/29/2018,200.9,,,,
9/30/2018,201.6,,,,
10/1/2018,200.7,,,,
10/2/2018,199.5,,,,
10/3/2018,199.2,,,,
10/4/2018,199.4,,,,
10/5/2018,200.6,,,,
10/6/2018,201.9,,,,
10/7/2018,,,,,
10/8/2018,200.3,,,,
10/9/2018,200,,,,
10/10/2018,199.3,,,,
10/11/2018,199.3,,,,
10/12/2018,199.4,,,,
10/13/2018,,,,,
10/14/2018,,,,,
10/15/2018,201.4,,,,
10/16/2018,199.9,,,,
10/17/2018,200.1,,,,
10/18/2018,199.3,,,,
10/19/2018,198.8,,,,
10/20/2018,199.1,,,,
10/21/2018,,,,,
10/22/2018,199.8,,,,
10/23/2018,199.6,,,,
10/24/2018,198.9,,,,
10/25/2018,197.3,,,,
10/26/2018,199.4,,,,
10/27/2018,199.1,,,,
10/28/2018,198.6,,,,
10/29/2018,198.1,,,,
10/30/2018,199.3,,,,
10/31/2018,197.1,,,,
11/1/2018,197.4,,,,
11/2/2018,196.9,,,,
11/3/2018,198,,,,
11/4/2018,199.3,,,,
11/5/2018,198.5,,,,
11/6/2018,197.4,,,,
11/7/2018,196.6,,,,
11/8/2018,195.7,,,,
11/9/2018,196.2,,,,
11/10/2018,196.5,,,,
11/11/2018,197.5,,,,
11/12/2018,195.3,,,,
11/13/2018,196.6,,,,
11/14/2018,196.6,,,,
11/15/2018,196.8,,,,
11/16/2018,195.3,,,,
11/17/2018,195.8,,,,
11/18/2018,,,,,
11/19/2018,197.7,,,,
11/20/2018,197.2,,,,
11/21/2018,195.7,,,,
11/22/2018,196,,,,
11/23/2018,196.4,,,,
11/24/2018,196,,,,
11/25/2018,,,,,
11/26/2018,196.4,,,,
11/27/2018,197.5,,,,
11/28/2018,196,,,,
11/29/2018,195.1,,,,
11/30/2018,195.8,,,,
12/1/2018,195.7,,,,
12/2/2018,196.2,,,,
12/3/2018,196.7,,,,
12/4/2018,196.4,,,,
12/5/2018,196.4,,,,
12/6/2018,197.5,,,,
12/7/2018,195.8,,,,
12/8/2018,,,,,
12/9/2018,196.5,,,,
12/10/2018,196.5,,,,
12/11/2018,192.7,,,,
12/12/2018,193,,,,
12/13/2018,196.1,,,,
12/14/2018,,,,,
12/15/2018,,,,,
12/16/2018,,,,,
12/17/2018,197.2,,,,
12/18/2018,198.1,,,,
12/19/2018,196,,,,
12/20/2018,195.9,,,,
12/21/2018,196.6,,,,
12/22/2018,196.2,,,,
12/23/2018,,,,,
12/24/2018,,,,,
12/25/2018,197,,,,
12/26/2018,196.2,,,,
12/27/2018,,,,,
12/28/2018,195.5,,,,
12/29/2018,195.9,,,,
12/30/2018,196.8,,,,
12/31/2018,197.7,,,,
1/1/2019,198.1,,,,
1/2/2019,196.8,,,,
1/3/2019,196.8,,,,
1/4/2019,195.6,,,,
1/5/2019,197.4,,,,
1/6/2019,197.8,,,,
1/7/2019,198.2,,,,
1/8/2019,197.1,,,,
1/9/2019,197.4,,,,
1/10/2019,196.4,,,,
1/11/2019,195.1,,,,
1/12/2019,195.3,,,,
1/13/2019,,,,,
1/14/2019,196.9,,,,
1/15/2019,197.1,,,,
1/16/2019,197.4,,,,
1/17/2019,197.2,,,,
1/18/2019,197.6,,,,
1/19/2019,,,,,
1/20/2019,198.6,,,,
1/21/2019,198.9,,,,
1/22/2019,198.5,,,,
1/23/2019,197.1,,,,
1/24/2019,195.6,,,,
1/25/2019,195,,,,
1/26/2019,195.7,,,,
1/27/2019,195,,,,
1/28/2019,194.9,,,,
1/29/2019,195.3,,,,
1/30/2019,194.7,,,,
1/31/2019,195.2,,,,
2/1/2019,195.2,,,,
2/2/2019,197.2,,,,
2/3/2019,,,,,
2/4/2019,195.5,,,,
2/5/2019,198.3,,,,
2/6/2019,196.9,,,,
2/7/2019,195.5,,,,
2/8/2019,194.7,,,,
2/9/2019,195.5,,,,
2/10/2019,193.8,,,,
2/11/2019,195.3,,,,
2/12/2019,195.3,,,,
2/13/2019,196.7,,,,
2/14/2019,,,,,
2/15/2019,197.6,,,,
2/16/2019,197.4,,,,
2/17/2019,,,,,
2/18/2019,195.5,,,,
2/19/2019,193.7,,,,
2/20/2019,194.2,,,,
2/21/2019,193.1,,,,
2/22/2019,192.7,,,,
2/23/2019,193.4,,,,
2/24/2019,193.1,,,,
2/25/2019,193.6,,,,
2/26/2019,194.3,,,,
2/27/2019,193.3,,,,
2/28/2019,193.2,,,,
3/1/2019,193.4,,,,
3/2/2019,193.8,,,,
3/3/2019,,,,,
3/4/2019,195.6,,,,
3/5/2019,196.6,,,,
3/6/2019,194.3,,,,
3/7/2019,193.5,,,,
3/8/2019,192.9,,,,
3/9/2019,193.7,,,,
3/10/2019,193.9,,,,
3/11/2019,194.2,,,,
3/12/2019,193.6,,,,
3/13/2019,193.6,,,,
3/14/2019,192.9,,,,
3/15/2019,193.8,,,,
3/16/2019,194.4,,,,
3/17/2019,,,,,
3/18/2019,195.7,,,,
3/19/2019,194.6,,,,
3/20/2019,194.2,,,,
3/21/2019,192.2,,,,
3/22/2019,191.6,,,,
3/23/2019,193.7,,,,
3/24/2019,,,,,
3/25/2019,194.1,,,,
3/26/2019,192.9,,,,
3/27/2019,194,,,,
3/28/2019,193.2,,,,
3/29/2019,193.8,,,,
3/30/2019,,,,,
3/31/2019,,,,,
4/1/2019,196.2,,,,
4/2/2019,195,,,,
4/3/2019,193.6,,,,
4/4/2019,193.5,,,,
4/5/2019,193.8,,,,
4/6/2019,195.1,,,,
4/7/2019,195.3,,,,
4/8/2019,196.5,,,,
4/9/2019,194.7,,,,
4/10/2019,194.5,,,,
4/11/2019,194.6,,,,
4/12/2019,194.7,,,,
4/13/2019,194.2,,,,
4/14/2019,194,,,,
4/15/2019,194.8,,,,
4/16/2019,194.4,,,,
4/17/2019,194.3,,,,
4/18/2019,193.7,,,,
4/19/2019,193.2,,,,
4/20/2019,194.3,,,,
4/21/2019,192.2,,,,
4/22/2019,193.6,,,,
4/23/2019,192.5,,,,
4/24/2019,193.8,,,,
4/25/2019,194.2,,,,
4/26/2019,,,,,
4/27/2019,195.5,,,,
4/28/2019,,,,,
4/29/2019,,,,,
4/30/2019,,,,,
5/1/2019,,,,,
5/2/2019,,,,,
5/3/2019,,,,,
5/4/2019,,,,,
5/5/2019,,,,,
5/6/2019,195.7,,,,
5/7/2019,195,,,,
5/8/2019,196.3,,,,
5/9/2019,196.8,,,,
5/10/2019,195.5,,,,
5/11/2019,,,,,
5/12/2019,,,,,
5/13/2019,197.1,,,,
5/14/2019,195.5,,,,
5/15/2019,194.7,,,,
5/16/2019,194.9,,,,
5/17/2019,194.3,,,,
5/18/2019,195.1,,,,
5/19/2019,,,,,
5/20/2019,196.6,,,,
5/21/2019,196.5,,,,
5/22/2019,196.3,,,,
5/23/2019,195.1,,,,
5/24/2019,195.8,,,,
5/25/2019,195.1,,,,
5/26/2019,,,,,
5/27/2019,196.5,,,,
5/28/2019,195.5,,,,
5/29/2019,195.4,,,,
5/30/2019,195.3,,,,
5/31/2019,195.1,,,,
6/1/2019,196.7,,,,
6/2/2019,197.1,,,,
6/3/2019,198.4,,,,
6/4/2019,195.7,,,,
6/5/2019,194.9,,,,
6/6/2019,,,,,
6/7/2019,196,,,,
6/8/2019,194.9,,,,
6/9/2019,,,,,
6/10/2019,196.5,,,,
6/11/2019,195.8,,,,
6/12/2019,195.6,,,,
6/13/2019,195,,,,
6/14/2019,195.1,,,,
6/15/2019,,,,,
6/16/2019,195.6,,,,
6/17/2019,,,,,
6/18/2019,,,,,
6/19/2019,,,,,
6/20/2019,,,,,
6/21/2019,,,,,
6/22/2019,194,,,,
6/23/2019,,,,,
6/24/2019,195.1,,,,
6/25/2019,194.9,,,,
6/26/2019,196.8,,,,
6/27/2019,196.6,,,,
6/28/2019,194.4,,,,
6/29/2019,,,,,
6/30/2019,,,,,
7/1/2019,198.2,,,,
7/2/2019,197,,,,
7/3/2019,196.9,,,,
7/4/2019,195.6,,,,
7/5/2019,195.7,,,,
7/6/2019,196.2,,,,
7/7/2019,,,,,
7/8/2019,196.6,,,,
7/9/2019,,,,,
7/10/2019,197,,,,
7/11/2019,197.2,,,,
7/12/2019,196.4,,,,
7/13/2019,,,,,
7/14/2019,,,,,
7/15/2019,200.1,,,,
7/16/2019,198,,,,
7/17/2019,197.3,,,,
7/18/2019,196.8,,,,
7/19/2019,197.7,,,,
7/20/2019,197.2,,,,
7/21/2019,197.2,,,,
7/22/2019,199.4,,,,
7/23/2019,197.9,,,,
7/24/2019,197.2,,,,
7/25/2019,197.4,,,,
7/26/2019,197.6,,,,
7/27/2019,197.1,,,,
7/28/2019,,,,,
7/29/2019,197.4,,,,
7/30/2019,,,,,
7/31/2019,198.7,,,,
8/1/2019,198.7,,,,
8/2/2019,,,,,
8/3/2019,198.8,,,,
8/4/2019,,,,,
8/5/2019,197.7,,,,
8/6/2019,197.1,,,,
8/7/2019,196.6,,,,
8/8/2019,196.2,,,,
8/9/2019,197.3,,,,
8/10/2019,196.7,,,,
8/11/2019,,,,,
8/12/2019,198.1,,,,
8/13/2019,197.8,,,,
8/14/2019,196.7,,,,
8/15/2019,198,,,,
8/16/2019,198.8,,,,
8/17/2019,,,,,
8/18/2019,,,,,
8/19/2019,198.8,,,,
8/20/2019,197.8,,,,
8/21/2019,197.4,,,,
8/22/2019,197.7,,,,
8/23/2019,,,,,
8/24/2019,,,,,
8/25/2019,,,,,
8/26/2019,197.9,,,,
8/27/2019,197.6,,,,
8/28/2019,197.9,,,,
8/29/2019,197.6,,,,
8/30/2019,196.5,,,,
8/31/2019,196.6,,,,
9/1/2019,,,,,
9/2/2019,,,,,
9/3/2019,198.5,,,,
9/4/2019,200,,,,
9/5/2019,198.4,,,,
9/6/2019,198.2,,,,
9/7/2019,,,,,
9/8/2019,198.6,,,,
9/9/2019,198.8,,,,
9/10/2019,199.1,,,,
9/11/2019,197.5,,,,
9/12/2019,197.4,,,,
9/13/2019,,,,,
9/14/2019,,,,,
9/15/2019,,,,,
9/16/2019,200,,,,
9/17/2019,200.3,,,,
9/18/2019,199.3,,,,
9/19/2019,198,,,,
9/20/2019,198.8,,,,
9/21/2019,198.7,,,,
9/22/2019,198.1,,,,
9/23/2019,199.3,,,,
9/24/2019,199.9,,,,
9/25/2019,199.5,,,,
9/26/2019,199.1,,,,
9/27/2019,198.1,,,,
9/28/2019,197.6,,,,
9/29/2019,198.2,,,,
9/30/2019,200.7,,,,
10/1/2019,199.2,,,,
10/2/2019,198.3,,,,
10/3/2019,198.7,,,,
10/4/2019,197.9,,,,
10/5/2019,197.5,,,,
10/6/2019,,,,,
10/7/2019,198.7,,,,
10/8/2019,199.2,,,,
10/9/2019,199.7,,,,
10/10/2019,198.3,,,,
10/11/2019,196.6,,,,
10/12/2019,196.6,,,,
10/13/2019,,,,,
10/14/2019,197.6,,,,
10/15/2019,196.4,,,,
10/16/2019,197.3,,,,
10/17/2019,195.9,,,,
10/18/2019,195.6,,,,
10/19/2019,195.9,,,,
10/20/2019,195.5,,,,
10/21/2019,197,,,,
10/22/2019,192.5,,,,
10/23/2019,193.8,,,,
10/24/2019,195.2,,,,
10/25/2019,194.5,,,,
10/26/2019,193.7,,,,
10/27/2019,,,,,
10/28/2019,195.3,,,,
10/29/2019,194.6,,,,
10/30/2019,196,,,,
10/31/2019,194.9,,,,
11/1/2019,194.7,,,,
11/2/2019,193.7,,,,
11/3/2019,,,,,
11/4/2019,195.3,,,,
11/5/2019,195,,,,
11/6/2019,195.1,,,,
11/7/2019,194.6,,,,
11/8/2019,194.1,,,,
11/9/2019,196.1,,,,
11/10/2019,,,,,
11/11/2019,196,,,,
11/12/2019,195.7,,,,
11/13/2019,194.7,,,,
11/14/2019,194.3,,,,
11/15/2019,194.3,,,,
11/16/2019,193.4,,,,
11/17/2019,194.3,,,,
11/18/2019,194.2,,,,
11/19/2019,194.6,,,,
11/20/2019,194.4,,,,
11/21/2019,193.9,,,,
11/22/2019,193.1,,,,
11/23/2019,194,,,,
11/24/2019,192.9,,,,
11/25/2019,194.7,,,,
11/26/2019,195.2,,,,
11/27/2019,191.9,,,,
11/28/2019,192.8,,,,
11/29/2019,194.9,,,,
11/30/2019,,,,,
12/1/2019,,,,,
12/2/2019,194.5,,,,
12/3/2019,194.7,,,,
12/4/2019,194.6,,,,
12/5/2019,195.3,,,,
12/6/2019,193.9,,,,
12/7/2019,195.1,,,,
12/8/2019,,,,,
12/9/2019,195.1,,,,
12/10/2019,195.3,,,,
12/11/2019,195.1,,,,
12/12/2019,193.9,,,,
12/13/2019,193.8,,,,
12/14/2019,,,,,
12/15/2019,,,,,
12/16/2019,195.4,,,,
12/17/2019,193.6,,,,
12/18/2019,195.2,,,,
12/19/2019,195.2,,,,
12/20/2019,196,,,,
12/21/2019,195.3,,,,
12/22/2019,196.6,,,,
12/23/2019,,,,,
12/24/2019,,,,,
12/25/2019,196.8,,,,
12/26/2019,,,,,
12/27/2019,197.2,,,,
12/28/2019,,,,,
12/29/2019,196.3,,,,
12/30/2019,196.5,,,,
12/31/2019,196.3,,,,
1/1/2020,195.5,,,,
1/2/2020,195.8,,,,
1/3/2020,196.8,,,,
1/4/2020,195.6,,,,
1/5/2020,,,,,
1/6/2020,196.4,,,,
1/7/2020,196.6,,,,
1/8/2020,196.2,,,,
1/9/2020,196.1,,,,
1/10/2020,196.6,,,,
1/11/2020,,,,,
1/12/2020,,,,,
1/13/2020,198.2,,,,
1/14/2020,197.4,,,,
1/15/2020,197.2,,,,
1/16/2020,197.3,,,,
1/17/2020,197.2,,,,
1/18/2020,,,,,
1/19/2020,,,,,
1/20/2020,198.4,,,,
1/21/2020,198.3,,,,
1/22/2020,198.9,,,,
1/23/2020,197.5,,,,
1/24/2020,197.2,,,,
1/25/2020,198,,,,
1/26/2020,,,,,
1/27/2020,196.6,,,,
1/28/2020,196.1,,,,
1/29/2020,195.9,,,,
1/30/2020,194.8,,,,
1/31/2020,196.7,,,,
2/1/2020,196.1,,,,
2/2/2020,,,,,
2/3/2020,195.9,,,,
2/4/2020,195.3,,,,
2/5/2020,195.6,,,,
2/6/2020,196.3,,,,
2/7/2020,196.7,,,,
2/8/2020,,,,,
2/9/2020,,,,,
2/10/2020,200,,,,
2/11/2020,197.9,,,,
2/12/2020,197.9,,,,
2/13/2020,197.8,,,,
2/14/2020,197.7,,,,
2/15/2020,,,,,
2/16/2020,,,,,
2/17/2020,198.6,,,,
2/18/2020,198.2,,,,
2/19/2020,198.7,,,,
2/20/2020,197.2,,,,
2/21/2020,197.9,,,,
2/22/2020,,,,,
2/23/2020,,,,,
2/24/2020,199.8,,,,
2/25/2020,199,,,,
2/26/2020,200.4,,,,
2/27/2020,199.1,,,,
2/28/2020,199.8,,,,
2/29/2020,,,,,
3/1/2020,,,,,
3/2/2020,200.6,,,,
3/3/2020,200.9,,,,
3/4/2020,198.9,,,,
3/5/2020,199.9,,,,
3/6/2020,199.4,,,,
3/7/2020,199.4,,,,
3/8/2020,,,,,
3/9/2020,202.7,,,,
3/10/2020,200.4,,,,
3/11/2020,200.2,,,,
3/12/2020,200.6,,,,
3/13/2020,198.3,,,,
3/14/2020,,,,,
3/15/2020,,,,,
3/16/2020,199.8,,,,
3/17/2020,199.8,,,,
3/18/2020,198.8,,,,
3/19/2020,198.2,,,,
3/20/2020,197.5,,,,
3/21/2020,199.1,,,,
3/22/2020,197.7,,,,
3/23/2020,198.4,,,,
3/24/2020,197.2,,,,
3/25/2020,197.5,,,,
3/26/2020,198.5,,,,
3/27/2020,197.8,,,,
3/28/2020,,,,,
3/29/2020,,,,,
3/30/2020,199.2,,,,
3/31/2020,198.7,,,,
4/1/2020,198.4,,,,
4/2/2020,198.1,,,,
4/3/2020,198.5,,,,
4/4/2020,,,,,
4/5/2020,,,,,
4/6/2020,200.3,,,,
4/7/2020,200.1,,,,
4/8/2020,198.8,,,,
4/9/2020,200.2,,,,
4/10/2020,199.4,,,,
4/11/2020,198.7,,,,
4/12/2020,,,,,
4/13/2020,201.4,,,,
4/14/2020,200.9,,,,
4/15/2020,200.9,,,,
4/16/2020,198.7,,,,
4/17/2020,199.8,,,,
4/18/2020,,,,,
4/19/2020,,,,,
4/20/2020,202,,,,
4/21/2020,201.4,,,,
4/22/2020,200.7,,,,
4/23/2020,200.9,,,,
4/24/2020,200.4,,,,
4/25/2020,,,,,
4/26/2020,,,,,
4/27/2020,202.4,,,,
4/28/2020,201.2,,,,
4/29/2020,200.7,,,,
4/30/2020,200.5,,,,
5/1/2020,199.4,,,,
5/2/2020,200.5,,,,
5/3/2020,,,,,
5/4/2020,201.8,,,,
5/5/2020,201.3,,,,
5/6/2020,200.5,,,,
5/7/2020,199.7,,,,
5/8/2020,199.8,,,,
5/9/2020,,,,,
5/10/2020,,,,,
5/11/2020,201.2,,,,
5/12/2020,201.5,,,,
5/13/2020,199.7,,,,
5/14/2020,199.6,,,,
5/15/2020,199.5,,,,
5/16/2020,,,,,
5/17/2020,,,,,
5/18/2020,203.5,,,,
5/19/2020,202.8,,,,
5/20/2020,201.2,,,,
5/21/2020,201.8,,,,
5/22/2020,200.7,,,,
5/23/2020,202.1,,,,
5/24/2020,,,,,
5/25/2020,,,,,
5/26/2020,203.9,,,,
5/27/2020,203.9,,,,
5/28/2020,202.4,,,,
5/29/2020,202.1,,,,
5/30/2020,,,,,
5/31/2020,202.6,,,,
6/1/2020,203.8,,,,
6/2/2020,203.4,,,,
6/3/2020,,,,,
6/4/2020,202.5,,,,
6/5/2020,202.8,,,,
6/6/2020,,,,,
6/7/2020,,,,,
6/8/2020,201.6,,,,
6/9/2020,201.6,,,,
6/10/2020,201.1,,,,
6/11/2020,200.3,,,,
6/12/2020,200.3,,,,
6/13/2020,201.5,,,,
6/14/2020,201.1,,,,
6/15/2020,201.5,,,,
6/16/2020,203,,,,
6/17/2020,203.1,,,,
6/18/2020,202.1,,,,
6/19/2020,201,,,,
6/20/2020,200.6,,,,
6/21/2020,,,,,
6/22/2020,201.4,,,,
6/23/2020,200.2,,,,
6/24/2020,201.4,,,,
6/25/2020,200.6,,,,
6/26/2020,201.2,,,,
6/27/2020,200.1,,,,
6/28/2020,,,,,
6/29/2020,202.6,,,,
6/30/2020,,,,,
7/1/2020,202.1,,,,
7/2/2020,201.3,,,,
7/3/2020,200.9,,,,
7/4/2020,202.8,,,,
7/5/2020,,,,,
7/6/2020,204.6,,,,
7/7/2020,203.4,,,,
7/8/2020,,,,,
7/9/2020,202.2,,,,
7/10/2020,203.6,,,,
7/11/2020,,,,,
7/12/2020,,,,,
7/13/2020,202.4,,,,
7/14/2020,202.5,,,,
7/15/2020,202.5,,,,
7/16/2020,203.2,,,,
7/17/2020,203.9,,,,
7/18/2020,,,,,
7/19/2020,,,,,
7/20/2020,204.9,,,,
7/21/2020,203.2,,,,
7/22/2020,,,,,
7/23/2020,203,,,,
7/24/2020,201.8,,,,
7/25/2020,202.7,,,,
7/26/2020,,,,,
7/27/2020,203.9,,,,
7/28/2020,204,,,,
7/29/2020,203.6,,,,
7/30/2020,200.9,,,,
7/31/2020,200.9,,,,
8/1/2020,201.4,,,,
8/2/2020,,,,,
8/3/2020,202.1,,,,
8/4/2020,201.8,,,,
8/5/2020,201.5,,,,
8/6/2020,201.8,,,,
8/7/2020,201.5,,,,
8/8/2020,201.5,,,,
8/9/2020,,,,,
8/10/2020,201.4,,,,
8/11/2020,200.7,,,,
8/12/2020,200.8,,,,
8/13/2020,201.2,,,,
8/14/2020,199.5,,,,
8/15/2020,198.7,,,,
8/16/2020,199.7,,,,
8/17/2020,199.1,,,,
8/18/2020,198.7,,,,
8/19/2020,199.4,,,,
8/20/2020,199.4,,,,
8/21/2020,200.8,,,,
8/22/2020,200.8,,,,
8/23/2020,200.5,,,,
8/24/2020,200.9,,,,
8/25/2020,200.8,,,,
8/26/2020,199.8,,,,
8/27/2020,,,,,
8/28/2020,199,,,,
8/29/2020,199.2,,,,
8/30/2020,,,,,
8/31/2020,200.4,,,,
9/1/2020,200.6,,,,
9/2/2020,199.6,,,,
9/3/2020,199.2,,,,
9/4/2020,198.4,,,,
9/5/2020,199.1,,,,
9/6/2020,199.1,,,,
9/7/2020,,,,,
9/8/2020,200.4,,,,
9/9/2020,199.3,,,,
9/10/2020,198.3,,,,
9/11/2020,199.5,,,,
9/12/2020,199,,,,
9/13/2020,199.1,,,,
9/14/2020,199,,,,
9/15/2020,200.5,,,,
9/16/2020,198.3,,,,
9/17/2020,197.6,,,,
9/18/2020,197.6,,,,
9/19/2020,197.3,,,,
9/20/2020,198.7,,,,
9/21/2020,198.7,,,,
9/22/2020,199.8,,,,
9/23/2020,198.6,,,,
9/24/2020,197.4,,,,
9/25/2020,198.2,,,,
9/26/2020,197.2,,,,
9/27/2020,197,,,,
9/28/2020,199.7,,,,
9/29/2020,199.1,,,,
9/30/2020,198.3,,,,
10/1/2020,195.7,,,,
10/2/2020,197.4,,,,
10/3/2020,197.3,,,,
10/4/2020,198.7,,,,
10/5/2020,198.2,,,,
10/6/2020,197.6,,,,
10/7/2020,196.6,,,,
10/8/2020,197.9,,,,
10/9/2020,197.2,,,,
10/10/2020,,,,,
10/11/2020,,,,,
10/12/2020,196.9,,,,
10/13/2020,195.8,,,,
10/14/2020,195.3,,,,
10/15/2020,195.3,,,,
10/16/2020,195,,,,
10/17/2020,195.8,,,,
10/18/2020,,,,,
10/19/2020,196,,,,
10/20/2020,196.6,,,,
10/21/2020,196.1,,,,
10/22/2020,195.3,,,,
10/23/2020,195.7,,,,
10/24/2020,195.7,,,,
10/25/2020,197.8,,,,
10/26/2020,196.8,,,,
10/27/2020,193.9,,,,
10/28/2020,195,,,,
10/29/2020,194.4,,,,
10/30/2020,196.7,,,,
10/31/2020,,,,,
11/1/2020,,,,,
11/2/2020,197.4,,,,
11/3/2020,194.9,,,,
11/4/2020,195.3,,,,
11/5/2020,195.5,,,,
11/6/2020,196.3,,,,
11/7/2020,,,,,
11/8/2020,,,,,
11/9/2020,196.9,,,,
11/10/2020,197.4,,,,
11/11/2020,198.4,,,,
11/12/2020,195.9,,,,
11/13/2020,196.6,,,,
11/14/2020,195.1,,,,
11/15/2020,,,,,
11/16/2020,197.6,,,,
11/17/2020,197.1,,,,
11/18/2020,197.6,,,,
11/19/2020,195.4,,,,
11/20/2020,195.9,,,,
11/21/2020,,,,,
11/22/2020,,,,,
11/23/2020,198,,,,
11/24/2020,197.6,,,,
11/25/2020,197.5,,,,
11/26/2020,196.9,,,,
11/27/2020,,,,,
11/28/2020,,,,,
11/29/2020,,,,,
11/30/2020,198.2,,,,
12/1/2020,197.4,,,,
12/2/2020,195.7,,,,
12/3/2020,195.9,,,,
12/4/2020,194.8,,,,
12/5/2020,194.7,,,,
12/6/2020,,,,,
12/7/2020,196.8,,,,
12/8/2020,196.9,,,,
12/9/2020,196.2,,,,
12/10/2020,195.8,,,,
12/11/2020,194.7,,,,
12/12/2020,194.7,,,,
12/13/2020,195.7,,,,
12/14/2020,195.8,,,,
12/15/2020,195.9,,,,
12/16/2020,196.1,,,,
12/17/2020,195.2,,,,
12/18/2020,194.7,,,,
12/19/2020,,,,,
12/20/2020,196.2,,,,
12/21/2020,196.2,,,,
12/22/2020,195.6,,,,
12/23/2020,196.4,,,,
12/24/2020,,,,,
12/25/2020,,,,,
12/26/2020,197.1,,,,
12/27/2020,,,,,
12/28/2020,,,,,
12/29/2020,198.9,,,,
12/30/2020,197.6,,,,
12/31/2020,197,,,,
1/1/2021,,,,,
1/2/2021,197.6,,,,
1/3/2021,197.9,,,,
1/4/2021,199.6,,,,
1/5/2021,197.7,,,,
1/6/2021,199,,,,
1/7/2021,197.5,,,,
1/8/2021,197.3,,,,
1/9/2021,,,,,
1/10/2021,,,,,
1/11/2021,198.1,,,,
1/12/2021,198.4,,,,
1/13/2021,,,,,
1/14/2021,,,,,
1/15/2021,195.8,,,,
1/16/2021,,,,,
1/17/2021,196.1,,,,
1/18/2021,198,,,,
1/19/2021,195.6,,,,
1/20/2021,196.9,,,,
1/21/2021,196.7,,,,
1/22/2021,195.6,,,,
1/23/2021,195.4,,,,
1/24/2021,198,,,,
1/25/2021,198.2,,,,
1/26/2021,196.9,,,,
1/27/2021,195.8,,,,
1/28/2021,194.8,,,,
1/29/2021,195.1,,,,
1/30/2021,195.2,,,,
1/31/2021,,,,,
2/1/2021,197.8,,,,
2/2/2021,196.5,,,,
2/3/2021,199.1,,,,
2/4/2021,,,,,
2/5/2021,,,,,
2/6/2021,,,,,
2/7/2021,,,,,
2/8/2021,194.7,,,,
2/9/2021,196.9,,,,
2/10/2021,,,,,
2/11/2021,,,,,
2/12/2021,195.7,,,,
2/13/2021,196.9,,,,
2/14/2021,196.4,,,,
2/15/2021,,,,,
2/16/2021,196.1,,,,
2/17/2021,196.9,,,,
2/18/2021,195.8,This is a very important day,,,
2/19/2021,,,,,
2/20/2021,,,,,
2/21/2021,,,,,
2/22/2021,198.2,,,,
2/23/2021,,,,,
2/24/2021,,,,,
2/25/2021,195.9,,,,
2/26/2021,194.7,,,,
2/27/2021,,,,,
2/28/2021,,,,,
3/1/2021,196.6,,,,
3/2/2021,197.4,,,,
3/3/2021,197.9,,,,
3/4/2021,,,,,
3/5/2021,,,,,
3/6/2021,,,,,
3/7/2021,,,,,
3/8/2021,198.9,,,,
3/9/2021,,,,,
3/10/2021,,,,,
3/11/2021,,,,,
3/12/2021,,,,,
3/13/2021,,,,,
3/14/2021,,,,,
3/15/2021,,,,,
3/16/2021,,,,,
3/17/2021,198.5,,,,
3/18/2021,197.4,,,,
3/19/2021,198.3,,,,
3/20/2021,,,,,
3/21/2021,,,,,
3/22/2021,200.8,,,,
3/23/2021,,,,,
3/24/2021,200.4,,,,
3/25/2021,197.3,,,,
3/26/2021,198.3,,,,
3/27/2021,,,,,
3/28/2021,,,,,
3/29/2021,,,,,
3/30/2021,,,,,
3/31/2021,201.2,,,,
4/1/2021,,,,,
4/2/2021,,,,,
4/3/2021,,,,,
4/4/2021,,,,,
4/5/2021,200.1,,,,
4/6/2021,201,,,,
4/7/2021,,,,,
4/8/2021,197.8,,,,
4/9/2021,198.3,,,,
4/10/2021,199.1,,,,
4/11/2021,198.5,,,,
4/12/2021,197.8,,,,
4/13/2021,199.6,,,,
4/14/2021,,,,,
4/15/2021,,,,,
4/16/2021,,,,,
4/17/2021,,,,,
4/18/2021,,,,,
4/19/2021,,,,,
4/20/2021,,,,,
4/21/2021,200.3,,,,
4/22/2021,199.6,,,,
4/23/2021,,,,,
4/24/2021,,,,,
4/25/2021,,,,,
4/26/2021,,,,,
4/27/2021,,,,,
4/28/2021,,,,,
4/29/2021,198.3,,,,
4/30/2021,,,,,
5/1/2021,,,,,
5/2/2021,,,,,
5/3/2021,200.3,,,,
5/4/2021,200.5,,,,
5/5/2021,200.5,,,,
5/6/2021,,,,,
5/7/2021,199.9,,,,
5/8/2021,,,,,
5/9/2021,,,,,
5/10/2021,,,,,
5/11/2021,,,,,
5/12/2021,,,,,
5/13/2021,202.6,,,,
5/14/2021,201.2,,,,
5/15/2021,,,,,
5/16/2021,,,,,
5/17/2021,,,,,
5/18/2021,,,,,
5/19/2021,,,,,
5/20/2021,,,,,
5/21/2021,,,,,
5/22/2021,202.5,,,,
5/23/2021,,,,,
5/24/2021,203.3,,,,
5/25/2021,202.1,,,,
5/26/2021,202.1,,,,
5/27/2021,,,,,
5/28/2021,,,,,
5/29/2021,,,,,
5/30/2021,,,,,
5/31/2021,,,,,
6/1/2021,,,,,
6/2/2021,,,,,
6/3/2021,202.6,,,,
6/4/2021,202.9,,,,
6/5/2021,,,,,
6/6/2021,,,,,
6/7/2021,205.6,,,,
6/8/2021,,,,,
6/9/2021,201.8,,,,
6/10/2021,201.4,,,,
6/11/2021,201.9,,,,
6/12/2021,201.9,,,,
6/13/2021,,,,,
6/14/2021,200.7,,,,
6/15/2021,200.7,,,,
6/16/2021,200,,,,
6/17/2021,198.5,,,,
6/18/2021,198.6,,,,
6/19/2021,,,,,
6/20/2021,,,,,
6/21/2021,204.8,,,,
6/22/2021,203.6,,,,
6/23/2021,201.6,,,,
6/24/2021,202.6,,,,
6/25/2021,203.6,,,,
6/26/2021,,,,,
6/27/2021,,,,,
6/28/2021,202.1,,,,
6/29/2021,200.3,,,,
6/30/2021,199.8,,,,
7/1/2021,,,,,
7/2/2021,,,,,
7/3/2021,,,,,
7/4/2021,,,,,
7/5/2021,,,,,
7/6/2021,,,,,
7/7/2021,202.3,,,,
7/8/2021,200.5,,,,
7/9/2021,199.3,,,,
7/10/2021,199.6,,,,
7/11/2021,199.8,,,,
7/12/2021,,,,,
7/13/2021,202.1,Ate ice cream and cookies last night,,,
7/14/2021,199.7,,,,
7/15/2021,198.7,,,,
7/16/2021,200.1,,,,
7/17/2021,199.9,,,,
7/18/2021,,,,,
7/19/2021,200.8,,,,
7/20/2021,,,,,
7/21/2021,200.4,,,,
7/22/2021,199.1,,,,
7/23/2021,198.9,,,,
7/24/2021,,,,,
7/25/2021,??,Did the McDougall Plan (vegan diet with no oil and low fat) for one day and it was VERY difficult,,,
7/26/2021,198.3,,,,
7/27/2021,198,,,,
7/28/2021,,,,,
7/29/2021,200.5,,,,
7/30/2021,198.6,,,,
7/31/2021,198.2,,,,
8/1/2021,198.5,,,,
8/2/2021,196.2,,,,
8/3/2021,197.8,,,,
8/4/2021,197.5,,,,
8/5/2021,196.9,,,,
8/6/2021,196.7,,,,
8/7/2021,197.8,,,,
8/8/2021,198.6,,,,
8/9/2021,199,Got first vaccine (Pfizer) today at 11:45 AM,,,
8/10/2021,198.4,,,,
8/11/2021,197.1,,,,
8/12/2021,198,,,,
8/13/2021,197.5,,,,
8/14/2021,198.6,,,,
8/15/2021,,,,,
8/16/2021,,,,,
8/17/2021,200.1,,,,
8/18/2021,198.8,,,,
8/19/2021,196.4,,,,
8/20/2021,196.2,,,,
8/21/2021,,,,,
8/22/2021,,,,,
8/23/2021,198,,,,
8/24/2021,198,,,,
8/25/2021,196.6,,,,
8/26/2021,194.5,,,,
8/27/2021,196.2,,,,
8/28/2021,195.9,,,,
8/29/2021,196.9,,,,
8/30/2021,195.5,Got second vaccine (Pfizer) today at 11:45 AM,,,
8/31/2021,197.6,"Became very sick - achy all over, nauseous, dizzy for a bit, then fever (up to 103.9) and fatigue for about 24 hours",,,
9/1/2021,199,,,,
9/2/2021,198.5,,,,
9/3/2021,195.7,,,,
9/4/2021,196,,,,
9/5/2021,,,,,
9/6/2021,,,,,
9/7/2021,,,,,
9/8/2021,195.7,,,,
9/9/2021,198.3,,,,
9/10/2021,196.3,,,,
9/11/2021,197.4,,,,
9/12/2021,197.1,,,,
9/13/2021,197.9,,,,
9/14/2021,199.2,Ate ice cream and cake last night,,,
9/15/2021,198.5,,,,
9/16/2021,196.3,,,,
9/17/2021,195.1,,,,
9/18/2021,195.1,,,,
9/19/2021,196.6,,,,
9/20/2021,196.6,Ate Outback and Krispy Crme donuts last night,,,
9/21/2021,,Did not weigh in,,,
9/22/2021,197.3,,,,
9/23/2021,198.2,Ate Dunkin Donuts yesterday morning,,,
9/24/2021,197.6,,,,
9/25/2021,,,,,
9/26/2021,,,,,
9/27/2021,199.5,,,,
9/28/2021,199.2,Gout flare up (no walk),,,
9/29/2021,,Bunch of donuts in the morning,,,
9/30/2021,197.1,Gout flare up (no walk),,,
10/1/2021,,Gout flare up (no walk),,,
10/2/2021,,Gout flare up (no walk),,,
10/3/2021,,Gout flare up (no walk),,,
10/4/2021,204.5,Gout flare up (no walk),,,
10/5/2021,,Gout flare up (no walk),,,
10/6/2021,202,"First day back walking, though foot still swollen",,,
10/7/2021,201.8,,,,
10/8/2021,201.4,,,,
10/9/2021,,,,,
10/10/2021,,,,,
10/11/2021,201.8,,,,
10/12/2021,200,,,,
10/13/2021,199.6,,,,
10/14/2021,200.1,,,,
10/15/2021,200.1,Very important day,,,
10/16/2021,,,,,
10/17/2021,,,,,
10/18/2021,199.7,,,,
10/19/2021,199.4,,,,
10/20/2021,197.2,,,,
10/21/2021,198.7,,,,
10/22/2021,198.7,,,,
10/23/2021,,,,,
10/24/2021,,,,,
10/25/2021,,,,,
10/26/2021,201,,,,
10/27/2021,199.8,,,,
10/28/2021,199.9,Kit-Kats last night at AWANA,,,
10/29/2021,,,,,
10/30/2021,,,,,
10/31/2021,198.7,,,,
11/1/2021,,,,,
11/2/2021,198.9,,,,
11/3/2021,197.4,,,,
11/4/2021,199.7,donuts yesterday,,,
11/5/2021,198.9,Wendy's double burger meal and 2 Honey Buns,,,
11/6/2021,199.1,,,,
11/7/2021,198.7,,,,
11/8/2021,199.4,,,,
11/9/2021,197.6,,,,
11/10/2021,197,,,,
11/11/2021,197.4,,,,
11/12/2021,196.7,,,,
11/13/2021,,,,,
11/14/2021,,,,,
11/15/2021,,,,,
11/16/2021,198.5,Kit-Kats yesterday at lunch,,,
11/17/2021,198.2,5 rolled tacos last night,,,
11/18/2021,,,,,
11/19/2021,199.6,,,,
11/20/2021,199.5,,,,
11/21/2021,,,,,
11/22/2021,,,,,
11/23/2021,,,,,
11/24/2021,,,,,
11/25/2021,,,,,
11/26/2021,,,,,
11/27/2021,,,,,
11/28/2021,,,,,
11/29/2021,,,,,
11/30/2021,,,,,
12/1/2021,,,,,
12/2/2021,,,,,
12/3/2021,,,,,
12/4/2021,,,,,
12/5/2021,,,,,
12/6/2021,,,,,
12/7/2021,,,,,
12/8/2021,,,,,
12/9/2021,,,,,
12/10/2021,,,,,
12/11/2021,,,,,
12/12/2021,,,,,
12/13/2021,,,,,
12/14/2021,,,,,
12/15/2021,,,,,
12/16/2021,,,,,
12/17/2021,,,,,
12/18/2021,,,,,
12/19/2021,,,,,
12/20/2021,,,,,
12/21/2021,,,,,
12/22/2021,,,,,
12/23/2021,,,,,
12/24/2021,,,,,
12/25/2021,,,,,
12/26/2021,,,,,
12/27/2021,,,,,
12/28/2021,,,,,
12/29/2021,,,,,
12/30/2021,,,,,
12/31/2021,,,,,
1/1/2022,,,,,
1/2/2022,,,,,
1/3/2022,,,,,
1/4/2022,,,,,
1/5/2022,,,,,
1/6/2022,,,,,
1/7/2022,,,,,
1/8/2022,,,,,
1/9/2022,,,,,
1/10/2022,,,,,
1/11/2022,,,,,
1/12/2022,,,,,
1/13/2022,,,,,
1/14/2022,,,,,
1/15/2022,,,,,
1/16/2022,,,,,
1/17/2022,,,,,
1/18/2022,,,,,
1/19/2022,,,,,
1/20/2022,,,,,
1/21/2022,,,,,
1/22/2022,,,,,
1/23/2022,,,,,
1/24/2022,,,,,
1/25/2022,,,,,
1/26/2022,,,,,
1/27/2022,,,,,
1/28/2022,,,,,
1/29/2022,,,,,
1/30/2022,,,,,
1/31/2022,,,,,
2/1/2022,,,,,
2/2/2022,,,,,
2/3/2022,,,,,
2/4/2022,,,,,
2/5/2022,,,,,
2/6/2022,,,,,
2/7/2022,,,,,
2/8/2022,,,,,
2/9/2022,,,,,
2/10/2022,,,,,
2/11/2022,,,,,
2/12/2022,,,,,
2/13/2022,,,,,
2/14/2022,,,,,
2/15/2022,,,,,
2/16/2022,,,,,
2/17/2022,,,,,
2/18/2022,,,,,
2/19/2022,,,,,
2/20/2022,,,,,
2/21/2022,,,,,
2/22/2022,,,,,
2/23/2022,,,,,
2/24/2022,,,,,
2/25/2022,,,,,
2/26/2022,,,,,
2/27/2022,,,,,
2/28/2022,,,,,
3/1/2022,,,,,
3/2/2022,,,,,
3/3/2022,,,,,
3/4/2022,,,,,
3/5/2022,,,,,
3/6/2022,,,,,
3/7/2022,,,,,
3/8/2022,,,,,
3/9/2022,,,,,
3/10/2022,,,,,
3/11/2022,,,,,
3/12/2022,,,,,
3/13/2022,,,,,
3/14/2022,,,,,
3/15/2022,,,,,
3/16/2022,,,,,
3/17/2022,,,,,
3/18/2022,,,,,
3/19/2022,,,,,
3/20/2022,,,,,
3/21/2022,,,,,
3/22/2022,,,,,
3/23/2022,,,,,
3/24/2022,,,,,
3/25/2022,,,,,
3/26/2022,,,,,
3/27/2022,,,,,
3/28/2022,,,,,
3/29/2022,,,,,
3/30/2022,,,,,
3/31/2022,,,,,
4/1/2022,,,,,
4/2/2022,,,,,
4/3/2022,,,,,
4/4/2022,,,,,
4/5/2022,,,,,
4/6/2022,,,,,
4/7/2022,,,,,
4/8/2022,,,,,
4/9/2022,,,,,
4/10/2022,,,,,
4/11/2022,,,,,
4/12/2022,,,,,
4/13/2022,,,,,
4/14/2022,,,,,
4/15/2022,,,,,
4/16/2022,,,,,
4/17/2022,,,,,
4/18/2022,,,,,
4/19/2022,,,,,
4/20/2022,,,,,
4/21/2022,,,,,
4/22/2022,,,,,
4/23/2022,,,,,
4/24/2022,,,,,
4/25/2022,,,,,
4/26/2022,,,,,
4/27/2022,,,,,
4/28/2022,,,,,
4/29/2022,,,,,
4/30/2022,,,,,
5/1/2022,,,,,
5/2/2022,,,,,
5/3/2022,,,,,
5/4/2022,,,,,
5/5/2022,,,,,
5/6/2022,,,,,
5/7/2022,,,,,
5/8/2022,,,,,
5/9/2022,,,,,
5/10/2022,,,,,
5/11/2022,,,,,
5/12/2022,,,,,
5/13/2022,,,,,
5/14/2022,,,,,
5/15/2022,,,,,
5/16/2022,,,,,
5/17/2022,,,,,
5/18/2022,,,,,
5/19/2022,,,,,
5/20/2022,,,,,
5/21/2022,,,,,
5/22/2022,,,,,
5/23/2022,,,,,
5/24/2022,,,,,
5/25/2022,,,,,
5/26/2022,,,,,
5/27/2022,,,,,
5/28/2022,,,,,
5/29/2022,,,,,
5/30/2022,,,,,
5/31/2022,,,,,
6/1/2022,,,,,
6/2/2022,,,,,
6/3/2022,,,,,
6/4/2022,,,,,
6/5/2022,,,,,
6/6/2022,,,,,
6/7/2022,,,,,
6/8/2022,,,,,
6/9/2022,,,,,
6/10/2022,,,,,
6/11/2022,,,,,
6/12/2022,,,,,
6/13/2022,,,,,
6/14/2022,,,,,
6/15/2022,,,,,
6/16/2022,,,,,
6/17/2022,,,,,
6/18/2022,,,,,
6/19/2022,,,,,
6/20/2022,,,,,
6/21/2022,,,,,
6/22/2022,,,,,
6/23/2022,,,,,
6/24/2022,,,,,
6/25/2022,,,,,
6/26/2022,,,,,
6/27/2022,,,,,
6/28/2022,,,,,
6/29/2022,,,,,
6/30/2022,,,,,
7/1/2022,,,,,
7/2/2022,,,,,
7/3/2022,,,,,
7/4/2022,,,,,
7/5/2022,,,,,
7/6/2022,,,,,
7/7/2022,,,,,
7/8/2022,,,,,
7/9/2022,,,,,
7/10/2022,,,,,
7/11/2022,,,,,
7/12/2022,,,,,
7/13/2022,,,,,
7/14/2022,,,,,
7/15/2022,,,,,
7/16/2022,,,,,
7/17/2022,,,,,
7/18/2022,,,,,
7/19/2022,,,,,
7/20/2022,,,,,
7/21/2022,,,,,
7/22/2022,,,,,
7/23/2022,,,,,
7/24/2022,,,,,
7/25/2022,,,,,
7/26/2022,,,,,
7/27/2022,,,,,
7/28/2022,,,,,
7/29/2022,,,,,
7/30/2022,,,,,
7/31/2022,,,,,
8/1/2022,,,,,
8/2/2022,,,,,
8/3/2022,,,,,
8/4/2022,,,,,
8/5/2022,,,,,
8/6/2022,,,,,
8/7/2022,,,,,
8/8/2022,,,,,
8/9/2022,,,,,
8/10/2022,,,,,
8/11/2022,,,,,
8/12/2022,,,,,
8/13/2022,,,,,
8/14/2022,,,,,
8/15/2022,,,,,
8/16/2022,,,,,
8/17/2022,,,,,
8/18/2022,,,,,
8/19/2022,,,,,
8/20/2022,,,,,
8/21/2022,,,,,
8/22/2022,,,,,
8/23/2022,,,,,
8/24/2022,,,,,
8/25/2022,,,,,
8/26/2022,,,,,
8/27/2022,,,,,
8/28/2022,,,,,
8/29/2022,,,,,
8/30/2022,,,,,
8/31/2022,,,,,
9/1/2022,,,,,
9/2/2022,,,,,
9/3/2022,,,,,
9/4/2022,,,,,
9/5/2022,,,,,
9/6/2022,,,,,
9/7/2022,,,,,
9/8/2022,,,,,
9/9/2022,,,,,
9/10/2022,,,,,
9/11/2022,,,,,
9/12/2022,,,,,
9/13/2022,,,,,
9/14/2022,,,,,
9/15/2022,,,,,
9/16/2022,,,,,
9/17/2022,,,,,
9/18/2022,,,,,
9/19/2022,,,,,
9/20/2022,,,,,
9/21/2022,,,,,
9/22/2022,,,,,
9/23/2022,,,,,
9/24/2022,,,,,
9/25/2022,,,,,
9/26/2022,,,,,
9/27/2022,,,,,
9/28/2022,,,,,
9/29/2022,,,,,
9/30/2022,,,,,
10/1/2022,,,,,
10/2/2022,,,,,
10/3/2022,,,,,
10/4/2022,,,,,
10/5/2022,,,,,
10/6/2022,,,,,
10/7/2022,,,,,
10/8/2022,,,,,
10/9/2022,,,,,
10/10/2022,,,,,
10/11/2022,,,,,
10/12/2022,,,,,
10/13/2022,,,,,
10/14/2022,,,,,
10/15/2022,,,,,
10/16/2022,,,,,
10/17/2022,,,,,
10/18/2022,,,,,
10/19/2022,,,,,
10/20/2022,,,,,
10/21/2022,,,,,
10/22/2022,,,,,
10/23/2022,,,,,
10/24/2022,,,,,
10/25/2022,,,,,
10/26/2022,,,,,
10/27/2022,,,,,
10/28/2022,,,,,
10/29/2022,,,,,
10/30/2022,,,,,
10/31/2022,,,,,
11/1/2022,,,,,
11/2/2022,,,,,
11/3/2022,,,,,
11/4/2022,,,,,
11/5/2022,,,,,
11/6/2022,,,,,
11/7/2022,,,,,
11/8/2022,,,,,
11/9/2022,,,,,
11/10/2022,,,,,
11/11/2022,,,,,
11/12/2022,,,,,
11/13/2022,,,,,
11/14/2022,,,,,
11/15/2022,,,,,
11/16/2022,,,,,
11/17/2022,,,,,
11/18/2022,,,,,
11/19/2022,,,,,
11/20/2022,,,,,
11/21/2022,,,,,
11/22/2022,,,,,
11/23/2022,,,,,
11/24/2022,,,,,
11/25/2022,,,,,
11/26/2022,,,,,
11/27/2022,,,,,
11/28/2022,,,,,
11/29/2022,,,,,
11/30/2022,,,,,
12/1/2022,,,,,
12/2/2022,,,,,
12/3/2022,,,,,
12/4/2022,,,,,
12/5/2022,,,,,
12/6/2022,,,,,
12/7/2022,,,,,
12/8/2022,,,,,
12/9/2022,,,,,
12/10/2022,,,,,
12/11/2022,,,,,
12/12/2022,,,,,
12/13/2022,,,,,
12/14/2022,,,,,
12/15/2022,,,,,
12/16/2022,,,,,
12/17/2022,,,,,
12/18/2022,,,,,
12/19/2022,,,,,
12/20/2022,,,,,
12/21/2022,,,,,
12/22/2022,,,,,
12/23/2022,,,,,
12/24/2022,,,,,
12/25/2022,,,,,
12/26/2022,,,,,
12/27/2022,,,,,
12/28/2022,,,,,
12/29/2022,,,,,
12/30/2022,,,,,
12/31/2022,,,,,
1/1/2023,,,,,
1/2/2023,,,,,
1/3/2023,,,,,
1/4/2023,,,,,
1/5/2023,,,,,
1/6/2023,,,,,
1/7/2023,,,,,
1/8/2023,,,,,
1/9/2023,,,,,
1/10/2023,,,,,
1/11/2023,,,,,
1/12/2023,,,,,
1/13/2023,,,,,
1/14/2023,,,,,
1/15/2023,,,,,
1/16/2023,,,,,
1/17/2023,,,,,
1/18/2023,,,,,
1/19/2023,,,,,
1/20/2023,,,,,
1/21/2023,,,,,
1/22/2023,,,,,
1/23/2023,,,,,
1/24/2023,,,,,
1/25/2023,,,,,
1/26/2023,,,,,
1/27/2023,,,,,
1/28/2023,,,,,
1/29/2023,,,,,
1/30/2023,,,,,
1/31/2023,,,,,
2/1/2023,,,,,
2/2/2023,,,,,
2/3/2023,,,,,
2/4/2023,,,,,
2/5/2023,,,,,
2/6/2023,,,,,
2/7/2023,,,,,
2/8/2023,,,,,
2/9/2023,,,,,
2/10/2023,,,,,
2/11/2023,,,,,
2/12/2023,,,,,
2/13/2023,,,,,
2/14/2023,,,,,
2/15/2023,,,,,
2/16/2023,,,,,
2/17/2023,,,,,
2/18/2023,,,,,
2/19/2023,,,,,
2/20/2023,,,,,
2/21/2023,,,,,
2/22/2023,,,,,
2/23/2023,,,,,
2/24/2023,,,,,
2/25/2023,,,,,
2/26/2023,,,,,
2/27/2023,,,,,
2/28/2023,,,,,
3/1/2023,,,,,
3/2/2023,,,,,
3/3/2023,,,,,
3/4/2023,,,,,
3/5/2023,,,,,
3/6/2023,,,,,
3/7/2023,,,,,
3/8/2023,,,,,
3/9/2023,,,,,
3/10/2023,,,,,
3/11/2023,,,,,
3/12/2023,,,,,
3/13/2023,,,,,
3/14/2023,,,,,
3/15/2023,,,,,
3/16/2023,,,,,
3/17/2023,,,,,
3/18/2023,,,,,
3/19/2023,,,,,
3/20/2023,,,,,
3/21/2023,,,,,
3/22/2023,,,,,
3/23/2023,,,,,
3/24/2023,,,,,
3/25/2023,,,,,
3/26/2023,,,,,
3/27/2023,,,,,
3/28/2023,,,,,
3/29/2023,,,,,
3/30/2023,,,,,
3/31/2023,,,,,
4/1/2023,,,,,
4/2/2023,,,,,
4/3/2023,,,,,
4/4/2023,,,,,
4/5/2023,,,,,
4/6/2023,,,,,
4/7/2023,,,,,
4/8/2023,,,,,
4/9/2023,,,,,
4/10/2023,,,,,
4/11/2023,,,,,
4/12/2023,,,,,
4/13/2023,,,,,
4/14/2023,,,,,
4/15/2023,,,,,
4/16/2023,,,,,
4/17/2023,,,,,
4/18/2023,,,,,
4/19/2023,,,,,
4/20/2023,,,,,
4/21/2023,,,,,
4/22/2023,,,,,
4/23/2023,,,,,
4/24/2023,,,,,
4/25/2023,,,,,
4/26/2023,,,,,
4/27/2023,,,,,
4/28/2023,,,,,
4/29/2023,,,,,
4/30/2023,,,,,
5/1/2023,,,,,
5/2/2023,,,,,
5/3/2023,,,,,
5/4/2023,,,,,
5/5/2023,,,,,
5/6/2023,,,,,
5/7/2023,,,,,
5/8/2023,,,,,
5/9/2023,,,,,
5/10/2023,,,,,
5/11/2023,,,,,
5/12/2023,,,,,
5/13/2023,,,,,
5/14/2023,,,,,
5/15/2023,,,,,
5/16/2023,,,,,
5/17/2023,,,,,
5/18/2023,,,,,
5/19/2023,,,,,
5/20/2023,,,,,
5/21/2023,,,,,
5/22/2023,,,,,
5/23/2023,,,,,
5/24/2023,,,,,
5/25/2023,,,,,
5/26/2023,,,,,
5/27/2023,,,,,
5/28/2023,,,,,
5/29/2023,,,,,
5/30/2023,,,,,
5/31/2023,,,,,
6/1/2023,,,,,
6/2/2023,,,,,
6/3/2023,,,,,
6/4/2023,,,,,
6/5/2023,,,,,
6/6/2023,,,,,
6/7/2023,,,,,
6/8/2023,,,,,
6/9/2023,,,,,
6/10/2023,,,,,
6/11/2023,,,,,
6/12/2023,,,,,
6/13/2023,,,,,
6/14/2023,,,,,
6/15/2023,,,,,
6/16/2023,,,,,
6/17/2023,,,,,
6/18/2023,,,,,
6/19/2023,,,,,
6/20/2023,,,,,
6/21/2023,,,,,
6/22/2023,,,,,
6/23/2023,,,,,
6/24/2023,,,,,
6/25/2023,,,,,
6/26/2023,,,,,
6/27/2023,,,,,
6/28/2023,,,,,
6/29/2023,,,,,
6/30/2023,,,,,
7/1/2023,,,,,
7/2/2023,,,,,
7/3/2023,,,,,
7/4/2023,,,,,
7/5/2023,,,,,
7/6/2023,,,,,
7/7/2023,,,,,
7/8/2023,,,,,
7/9/2023,,,,,
7/10/2023,,,,,
7/11/2023,,,,,
7/12/2023,,,,,
7/13/2023,,,,,
7/14/2023,,,,,
7/15/2023,,,,,
7/16/2023,,,,,
7/17/2023,,,,,
7/18/2023,,,,,
7/19/2023,,,,,
7/20/2023,,,,,
7/21/2023,,,,,
7/22/2023,,,,,
7/23/2023,,,,,
7/24/2023,,,,,
7/25/2023,,,,,
7/26/2023,,,,,
7/27/2023,,,,,
7/28/2023,,,,,
7/29/2023,,,,,
7/30/2023,,,,,
7/31/2023,,,,,
8/1/2023,,,,,
8/2/2023,,,,,
8/3/2023,,,,,
8/4/2023,,,,,
8/5/2023,,,,,
8/6/2023,,,,,
8/7/2023,,,,,
8/8/2023,,,,,
8/9/2023,,,,,
8/10/2023,,,,,
8/11/2023,,,,,
8/12/2023,,,,,
8/13/2023,,,,,
8/14/2023,,,,,
8/15/2023,,,,,
8/16/2023,,,,,
8/17/2023,,,,,
8/18/2023,,,,,
8/19/2023,,,,,
8/20/2023,,,,,
8/21/2023,,,,,
8/22/2023,,,,,
8/23/2023,,,,,
8/24/2023,,,,,
8/25/2023,,,,,
8/26/2023,,,,,
8/27/2023,,,,,
8/28/2023,,,,,
8/29/2023,,,,,
8/30/2023,,,,,
8/31/2023,,,,,
9/1/2023,,,,,
9/2/2023,,,,,
9/3/2023,,,,,
9/4/2023,,,,,
9/5/2023,,,,,
9/6/2023,,,,,
9/7/2023,,,,,
9/8/2023,,,,,
9/9/2023,,,,,
9/10/2023,,,,,
9/11/2023,,,,,
9/12/2023,,,,,
9/13/2023,,,,,
9/14/2023,,,,,
9/15/2023,,,,,
9/16/2023,,,,,
9/17/2023,,,,,
9/18/2023,,,,,
9/19/2023,,,,,
9/20/2023,,,,,
9/21/2023,,,,,
9/22/2023,,,,,
9/23/2023,,,,,
9/24/2023,,,,,
9/25/2023,,,,,
9/26/2023,,,,,
9/27/2023,,,,,
9/28/2023,,,,,
9/29/2023,,,,,
9/30/2023,,,,,
10/1/2023,,,,,
10/2/2023,,,,,
10/3/2023,,,,,
10/4/2023,,,,,
10/5/2023,,,,,
10/6/2023,,,,,
10/7/2023,,,,,
10/8/2023,,,,,
10/9/2023,,,,,
10/10/2023,,,,,
10/11/2023,,,,,
10/12/2023,,,,,
10/13/2023,,,,,
10/14/2023,,,,,
10/15/2023,,,,,
10/16/2023,,,,,
10/17/2023,,,,,
10/18/2023,,,,,
10/19/2023,,,,,
10/20/2023,,,,,
10/21/2023,,,,,
10/22/2023,,,,,
10/23/2023,,,,,
10/24/2023,,,,,
10/25/2023,,,,,
10/26/2023,,,,,
10/27/2023,,,,,
10/28/2023,,,,,
10/29/2023,,,,,
10/30/2023,,,,,
10/31/2023,,,,,
11/1/2023,,,,,
11/2/2023,,,,,
11/3/2023,,,,,
11/4/2023,,,,,
11/5/2023,,,,,
11/6/2023,,,,,
11/7/2023,,,,,
11/8/2023,,,,,
11/9/2023,,,,,
11/10/2023,,,,,
11/11/2023,,,,,
11/12/2023,,,,,
11/13/2023,,,,,
11/14/2023,,,,,
11/15/2023,,,,,
11/16/2023,,,,,
11/17/2023,,,,,
11/18/2023,,,,,
11/19/2023,,,,,
11/20/2023,,,,,
11/21/2023,,,,,
11/22/2023,,,,,
11/23/2023,,,,,
11/24/2023,,,,,
11/25/2023,,,,,
11/26/2023,,,,,
11/27/2023,,,,,
11/28/2023,,,,,
11/29/2023,,,,,
11/30/2023,,,,,
12/1/2023,,,,,
12/2/2023,,,,,
12/3/2023,,,,,
12/4/2023,,,,,
12/5/2023,,,,,
12/6/2023,,,,,
12/7/2023,,,,,
12/8/2023,,,,,
12/9/2023,,,,,
12/10/2023,,,,,
12/11/2023,,,,,
12/12/2023,,,,,
12/13/2023,,,,,
12/14/2023,,,,,
12/15/2023,,,,,
12/16/2023,,,,,
12/17/2023,,,,,
12/18/2023,,,,,
12/19/2023,,,,,
12/20/2023,,,,,
12/21/2023,,,,,
12/22/2023,,,,,
12/23/2023,,,,,
12/24/2023,,,,,
12/25/2023,,,,,
12/26/2023,,,,,
12/27/2023,,,,,
12/28/2023,,,,,
12/29/2023,,,,,
12/30/2023,,,,,
12/31/2023,,,,,
